/*********************************기업관련*********************************/
/**********************corp insert************************/
insert into corp(corp_id, corp_password, corp_name) values('기업1@corp.com','1111','테스트기업1');
insert into corp(corp_id, corp_password, corp_name) values('기업2@corp.com','2222','테스트기업2');
insert into corp(corp_id, corp_password, corp_name) values('기업3@corp.com','3333','테스트기업3');
insert into corp(corp_id, corp_password, corp_name) values('기업4@corp.com','4444','테스트기업4');
insert into corp(corp_id, corp_password, corp_name) values('기업5@corp.com','5555','테스트기업5');
insert into corp(corp_id, corp_password, corp_name) values('기업6@corp.com','6666','테스트기업6');


insert into corp (CORP_ID,CORP_PASSWORD,CORP_NAME,CORP_PHONE,CORP_BUSINESS_NO,CORP_WEBSITE,
CORP_EST,CORP_SIZE,CORP_SALES,CORP_COMMENT,CORP_WELFARE,CORP_ADDRESS,CORP_STATUS,JOB,ROLE) 
values('corp_01', '1111', '신세계아이앤씨', '02-3397-1234', '111-11-11111', 'http://shinsegae-inc.com', '1997-02-10', '1,339명', '58억 8100만원',
'신세계아이앤씨는 디지털 기술로 새로운 영역에서 새로운 가치를 만들어내는 글로벌 리테일테크 전문기업입니다.', '연금,보험,휴무 상의 후 결정', '서울 중구 남대문시장10길 2 (회현동1가, MESA) 21층', 1, null, null );

insert into corp (CORP_ID,CORP_PASSWORD,CORP_NAME,CORP_PHONE,CORP_BUSINESS_NO,CORP_WEBSITE,
CORP_EST,CORP_SIZE,CORP_SALES,CORP_COMMENT,CORP_WELFARE,CORP_ADDRESS,CORP_STATUS,JOB,ROLE) 
values('corp_02', '2222', '우아한청년들', '070-4352-5581', '222-22-22222', ' http://career.woowayouths.com', '2015-11-10', '250명', '28억 7700만원',
'새로운 배달 인프라, 당신과 우아한청년들이 함께합니다.', '연금,보험,휴무 상의 후 결정', '서울 송파구 올림픽로35다길 32 (신천동) , 9층(예전빌딩)',  1, null, null);

insert into corp (CORP_ID,CORP_PASSWORD,CORP_NAME,CORP_PHONE,CORP_BUSINESS_NO,CORP_WEBSITE,
CORP_EST,CORP_SIZE,CORP_SALES,CORP_COMMENT,CORP_WELFARE,CORP_ADDRESS,CORP_STATUS,JOB,ROLE) 
values('corp_03', '3333', '메타넷디지털(주)', '02-3704-5114', '333-33-33333', 'http://metanetglobal.com', '1989-01-21', '1200명', '5억7000만원',
'메타넷디지털은 국내 IT산업의 선두반열에서 첨단의 정보기술을 개발해온 종합정보 서비스 회사입니다.','연금,보험,휴무 상의 후 결정', '서울 종로구 종로33길 15 연강빌딩', 1, null,  null);

insert into corp (CORP_ID,CORP_PASSWORD,CORP_NAME,CORP_PHONE,CORP_BUSINESS_NO,CORP_WEBSITE,
CORP_EST,CORP_SIZE,CORP_SALES,CORP_COMMENT,CORP_WELFARE,CORP_ADDRESS,CORP_STATUS,JOB,ROLE) 
values('corp_04', '4444', '제이엘케이', '02-6925-6189', '444-44-44444', 'http://jikgroup.com', '2014-12-15', '80명', '40억 2000만원',
'제이엘케이는 의료진단 분야, 원격의료분야, 데이터분야에서 세계를 선도하는 인공지능 플랫폼 기업입니다.', '연금,보험,휴무 상의 후 결정', '서울 강남구 테헤란로33길 5 (역삼동, JLK타워) JLK타워', 1,null,  null);

insert into corp (CORP_ID,CORP_PASSWORD,CORP_NAME,CORP_PHONE,CORP_BUSINESS_NO,CORP_WEBSITE,
CORP_EST,CORP_SIZE,CORP_SALES,CORP_COMMENT,CORP_WELFARE,CORP_ADDRESS,CORP_STATUS,JOB,ROLE) 
values('corp_05', '5555', '에이치엠엠', '02-3706-5114', '555-55-55555', 'http://hmm21.com','1976-09-19', '1,785명', '18억 4000만원',
'반드시 승리하고 미래를 창조하는 현대상선 그룹입니다.', '연금,보험,휴무 상의 후 결정', '서울 종로구 연지동 1-7 현대그룹빌딩 현대상선', 1,null, null);

insert into corp (CORP_ID,CORP_PASSWORD,CORP_NAME,CORP_PHONE,CORP_BUSINESS_NO,CORP_WEBSITE,
CORP_EST,CORP_SIZE,CORP_SALES,CORP_COMMENT,CORP_WELFARE,CORP_ADDRESS,CORP_STATUS,JOB,ROLE) 
values('corp_06', '6666', '랜드소프트(주)', '070-8864-4777', '666-66-66666', 'http://landsoft.co.kr', '2018-05-09', '50명', '15억 2000만원',
'랜드소프트 주식공 정보시스템 기업으로 2018년 국내 전문가들이 모여 시작해 매년 매출액이 200%이상 성장하고 있는 강소기업입니다.', '연금,보험,휴무 상의 후 결정', '서울 서초구 서래로 37 (반포동) 2,3층', 1, null, null);


insert into corp(CORP_ID,CORP_PASSWORD,CORP_NAME,CORP_PHONE,CORP_BUSINESS_NO,CORP_WEBSITE,
CORP_EST,CORP_SIZE,CORP_SALES,CORP_COMMENT,CORP_WELFARE,CORP_ADDRESS,CORP_STATUS,JOB,ROLE) 
values('DBtest1','1111','더문랩스','02-1111-1111','123-456-7890','http://www.DBtest1.com','2021-01-01','45','1000000000','DB회사입니다.1','칼퇴','서울시 강남구','1',null,null);
insert into corp(CORP_ID,CORP_PASSWORD,CORP_NAME,CORP_PHONE,CORP_BUSINESS_NO,CORP_WEBSITE,
CORP_EST,CORP_SIZE,CORP_SALES,CORP_COMMENT,CORP_WELFARE,CORP_ADDRESS,CORP_STATUS,JOB,ROLE) 
values('DBtest2','2222','마켓링크','02-2222-2222','123-456-7899','http://www.DBtest2.com','2020-01-02','20','2000000000','DB회사입니다.2','칼퇴','서울시 서초구','1',null,null);
insert into corp(CORP_ID,CORP_PASSWORD,CORP_NAME,CORP_PHONE,CORP_BUSINESS_NO,CORP_WEBSITE,
CORP_EST,CORP_SIZE,CORP_SALES,CORP_COMMENT,CORP_WELFARE,CORP_ADDRESS,CORP_STATUS,JOB,ROLE) 
values('DBtest3','3333','디비에프아이에스','02-3333-3333','123-456-7898','http://www.DBtest3.com','2020-01-03','30','3000000000','DB회사입니다.3','칼퇴','서울시 중랑구','1',null,null);
insert into corp(CORP_ID,CORP_PASSWORD,CORP_NAME,CORP_PHONE,CORP_BUSINESS_NO,CORP_WEBSITE,
CORP_EST,CORP_SIZE,CORP_SALES,CORP_COMMENT,CORP_WELFARE,CORP_ADDRESS,CORP_STATUS,JOB,ROLE) 
values('DBtest4','4444','대보정보통신','02-4444-4444','123-456-7897','http://www.DBtest4.com','2020-01-04','40','4000000000','DB회사입니다.4','칼퇴','서울시 도봉구','1',null,null);
insert into corp(CORP_ID,CORP_PASSWORD,CORP_NAME,CORP_PHONE,CORP_BUSINESS_NO,CORP_WEBSITE,
CORP_EST,CORP_SIZE,CORP_SALES,CORP_COMMENT,CORP_WELFARE,CORP_ADDRESS,CORP_STATUS,JOB,ROLE) 
values('DBtest5','5555','오앤이데이타','02-5555-5555','123-456-7896','http://www.DBtest5.com','2020-01-05','50','5000000000','DB회사입니다.5','칼퇴','서울시 광진구','1',null,null);
insert into corp(CORP_ID,CORP_PASSWORD,CORP_NAME,CORP_PHONE,CORP_BUSINESS_NO,CORP_WEBSITE,
CORP_EST,CORP_SIZE,CORP_SALES,CORP_COMMENT,CORP_WELFARE,CORP_ADDRESS,CORP_STATUS,JOB,ROLE) 
values('DBtest6','6666','앱노리','02-6666-6666','123-456-7895','http://www.DBtest6.com','2020-01-06','60','6000000000','DB회사입니다.6','칼퇴','서울시 송파구','1',null,null);

insert into corp (CORP_ID,CORP_PASSWORD,CORP_NAME,CORP_PHONE,CORP_BUSINESS_NO,CORP_WEBSITE,CORP_EST,CORP_SIZE,CORP_SALES,CORP_COMMENT,CORP_WELFARE,CORP_ADDRESS,CORP_STATUS,JOB,ROLE)  
values('corp_13', '1313', '다큐브(daquv)', '02-456-7891', '763-87-02018', 'http://daquv.com', '2021-01-19', '20', '0',
'다큐브는 국내 최초 기업 맞춤형 음성비서 서비스를 제공하는 B2B 전문기업 입니다. ', '연금,보험,휴무,보상,주거비지원','서울시 영등포구 여의나루로 67 신송빌딩 12 층', '1', null, null );

insert into corp (CORP_ID,CORP_PASSWORD,CORP_NAME,CORP_PHONE,CORP_BUSINESS_NO,CORP_WEBSITE, CORP_EST,CORP_SIZE,CORP_SALES,CORP_COMMENT,CORP_WELFARE,CORP_ADDRESS,CORP_STATUS,JOB,ROLE)  
values('corp_14', '1414', '(주)다이얼커뮤니케이션즈', '1577-7530', '206-81-84553', ' http://www.maaltalk.com/', '2003-09-06', '18', '12408000000',
'(주)다이얼커뮤니케이션즈는 MaalTalk, VoIP Solutions, 화상회의솔루션 의 기술을 바탕으로 최적의 통합 커뮤니케이션 서비스를 제공하는 사업을 하고 있습니다.', '연금,보험,휴무,보상', '서울 강서구 공항대로 168 (마곡동) 마곡 747 타워 411~413 ', '1', null, null);

insert into corp (CORP_ID,CORP_PASSWORD,CORP_NAME,CORP_PHONE,CORP_BUSINESS_NO,CORP_WEBSITE, CORP_EST,CORP_SIZE,CORP_SALES,CORP_COMMENT,CORP_WELFARE,CORP_ADDRESS,CORP_STATUS,JOB,ROLE) 
values('corp_15', '1515', '(주) 테이블링', '02-1899-9195', '842-86-00373', 'http://www.tabling.co.kr/', '2016-04-14', '78', '456300000000',
'테이블링은 스마트하게 예약과 대기가 가능한 서비스로 디지털 트렌스포메이션으로 탐색에서
부터 식사 이후 까지의 모든 과정에서의 낭비가 없어진 세상 이라는 비전으로 전진 하고 있습
니다.','연금,보험,휴무,보상,휴가',  '서울 강남구 영동대로 502 (삼성동) 위메프',  '1', null, null );

insert into corp (CORP_ID,CORP_PASSWORD,CORP_NAME,CORP_PHONE,CORP_BUSINESS_NO,CORP_WEBSITE, CORP_EST,CORP_SIZE,CORP_SALES,CORP_COMMENT,CORP_WELFARE,CORP_ADDRESS,CORP_STATUS,JOB,ROLE) 
values('corp_16', '1616', '무신사', '1544-7199', '211-88-79575', 'https://www.musinsa.com', '2012-06-25', '1329', '402400000000',
'무신사는 700 만 회원을 보유한 국내 1 위 온라인 패션 플랫폼입니다. 스트릿, 글로벌 명품, 디
자이너 등 5 천여 개 브랜드가 입점한 「무신사 스토어」와 국내·외 최신 패션 트렌드와 정보를
전달하는 패션 매거진 「무신사 매거진」을 운영하고 있습니다.', '연금,보험,휴무,보상,포인트지급', '서울 성동구 아차산로 13 길 11, 1 층',  '1', null, null );

insert into corp (CORP_ID,CORP_PASSWORD,CORP_NAME,CORP_PHONE,CORP_BUSINESS_NO,CORP_WEBSITE, CORP_EST,CORP_SIZE,CORP_SALES,CORP_COMMENT,CORP_WELFARE,CORP_ADDRESS,CORP_STATUS,JOB,ROLE) 
values('corp_17', '1717', '하이브', '02-3444-0105', '120-86-78223', 'https://www.hybecorp.com','2005-02-04', '633', '402440650000',
'하이브(HYBE)는 “We believe in music”이라는 미션 아래 음악 산업의 비즈니스 모델을 혁신하
는 기업입니다. 하이브는 음악에 기반한 세계 최고의 엔터테인먼트 라이프스타일 플랫폼 기업을
지향합니다.',
'연금,보험,휴무,보상,자율출퇴근', '서울시 용산구 한강대로 42',  '1', null, null );

insert into corp (CORP_ID,CORP_PASSWORD,CORP_NAME,CORP_PHONE,CORP_BUSINESS_NO,CORP_WEBSITE, CORP_EST,CORP_SIZE,CORP_SALES,CORP_COMMENT,CORP_WELFARE,CORP_ADDRESS,CORP_STATUS,JOB,ROLE) 
values('corp_18', '1818', '슈피겐코리아(Spigen)', '02-862-3452', '120-87-36593', 'http://www.spigen.co.kr', '2009-02-18', '386', '265970000000',
'슈피겐코리아는 모바일 액세서리 및 소형 전자기기를 제조하여 전 세계에 팔고 있는 제조·유
통 기업입니다.',
'연금,보험,휴무,보상,원격근무', '서울특별시 강남구 봉은사로 446 슈피겐 HQ A 동', '1', null, null);

insert into corp (CORP_ID,CORP_PASSWORD,CORP_NAME,CORP_PHONE,CORP_BUSINESS_NO,CORP_WEBSITE,
CORP_EST,CORP_SIZE,CORP_SALES,CORP_COMMENT,CORP_WELFARE,CORP_ADDRESS,CORP_STATUS,JOB,ROLE)
values('corp_19', '1212', '한글과컴퓨터', '1566-5192', '111-222-3333', 'http://www.hancom.com', '1990-10-11', '434명', '1350억',
'한글과컴퓨터는 새로워진 한컴디벨로퍼를 통해 한컴의 기술을 제공하고 문서편집까지 가능한 올인원 전자서명 서비스를 제공하고 있습니다.',
'연금,보험,휴무,보상', '경기 성남시 분당구 대왕판교로644번길 49 (삼평동, 코리아벤처타운) 한컴타워10층', 1, null, null);

insert into corp (CORP_ID,CORP_PASSWORD,CORP_NAME,CORP_PHONE,CORP_BUSINESS_NO,CORP_WEBSITE,
CORP_EST,CORP_SIZE,CORP_SALES,CORP_COMMENT,CORP_WELFARE,CORP_ADDRESS,CORP_STATUS,JOB,ROLE)
values('corp_20', '2323', '더존비즈온', '02-6233-3000', '112-222-3333', 'http://www.douzone.com', '1977-08-20', '1675명', '3031억',
'기업, 금융, 커머스, 헬스케어, 공공 분야 등에서 Work''&''Life 토털 솔루션을 제공하는 대한민국 대표 ICT그룹입니다.기업정보화 선도기업인 더존은 정보화에 필요한 각종 Solution과 Service를 제공합니다.',
'연금,보험,휴무,보상', '강원 춘천시 남산면 수동리 749번지 더존IT그룹 강촌캠퍼스', 1, null, null);

insert into corp (CORP_ID,CORP_PASSWORD,CORP_NAME,CORP_PHONE,CORP_BUSINESS_NO,CORP_WEBSITE,
CORP_EST,CORP_SIZE,CORP_SALES,CORP_COMMENT,CORP_WELFARE,CORP_ADDRESS,CORP_STATUS,JOB,ROLE)
values('corp_21', '3434', '비즈테크아이', '02-2084-6700', '113-333-3333', 'http://www.biztechpartners.co.kr', '2003-01-09', '765명', '1492억8천',
'비즈테크아이는 Global IT 서비스 전문기업인 LG CNS 자회사로 기술전문성을 가지고 SAP ERP와 Web Service 분야에서 차별화된 서비스를 제공합니다.​',
'연금,보험,휴무,보상', '서울 마포구 매봉산로 75 (상암동, 디디엠씨(DDMC)) 12층', 1, null, null);

insert into corp (CORP_ID,CORP_PASSWORD,CORP_NAME,CORP_PHONE,CORP_BUSINESS_NO,CORP_WEBSITE,
CORP_EST,CORP_SIZE,CORP_SALES,CORP_COMMENT,CORP_WELFARE,CORP_ADDRESS,CORP_STATUS,JOB,ROLE)
values('corp_22', '4545', '코매퍼', '02-565-6713', '114-444-3333', 'http://ko-mapper.com', '2019-01-21', '13명', '3억8천',
'코매퍼는 실제 현장 적용이 가능한 서비스를 제공하는 세계 최고수준의 3D Mapping/Modeling 솔루션 기업​입니다.',
'연금,보험,휴무,보상', '서울 강남구 봉은사로57길 13 (삼성동, 프러스원) 2층', 1, null, null);

insert into corp (CORP_ID,CORP_PASSWORD,CORP_NAME,CORP_PHONE,CORP_BUSINESS_NO,CORP_WEBSITE,
CORP_EST,CORP_SIZE,CORP_SALES,CORP_COMMENT,CORP_WELFARE,CORP_ADDRESS,CORP_STATUS,JOB,ROLE)
values('corp_23', '5656', '소프트웍스', '02-6401-8937', '115-555-3333', 'http://www.softworks.co.kr', '2011-05-20', '80명', '5억4천4백',
'소프트웍스는 전사 비즈니스에 대한 정보자산의 가치, 위협과 취약점 관리 능력을 강화시켜 Compliance Risk 를 최소화 할 수 있도록 지원하는 기업입니다.',
'연금,보험,휴무,보상', '서울 서초구 사임당로10길 3 (서초동, 원진빌딩) 501호', 1, null, null);

insert into corp (CORP_ID,CORP_PASSWORD,CORP_NAME,CORP_PHONE,CORP_BUSINESS_NO,CORP_WEBSITE,
CORP_EST,CORP_SIZE,CORP_SALES,CORP_COMMENT,CORP_WELFARE,CORP_ADDRESS,CORP_STATUS,JOB,ROLE)
values('corp_24', '6767', '온넷시스템즈코리아', '02-2057-2260', '116-666-3333', 'http://www.onnetsystemskorea.com', '2001-02-09', '34명', '29억6천',
'온넷시스템즈코리아는 콘텐츠 전송속도의 저하를 막고 불안정성 문제를 해결하기 위해 고안된 기술로, ISP(internet service provider)의 네트워크 하단에 여러 대의 캐시서버를 설치,CP(Contents Provider)가 제공하는 콘텐츠를 이 캐시서버에 미리 옮겨놓고 수요가 있을 때 그 콘텐츠를 사용자에게 제공하는 기업입니다.',
'연금,보험,휴무,보상', '서울 서초구 효령로 262 (서초동) 평화빌딩 4층', 1, null, null);

insert into corp 
(corp_id, corp_password, corp_name, corp_phone, corp_business_no, corp_website, corp_est, corp_size, corp_sales, corp_comment, corp_welfare, corp_address, corp_status, job, ROLE) 
values
('seoulnetwork@snt.com', '1111', '서울네트워크서비스', 021231234, 1000000001, 'http://www.snservice.com', '2007-02-10', 700, 4000, '다양한 분야에서의 최고의 고객 서비스 제공을 위한 다양한 사업영역을 확대해 나가고 있습니다.', 
'학자금대출, 육아휴직, 점심 식대지원', '서울 영등포구 선유로 70', null, null, null);

insert into corp 
(corp_id, corp_password, corp_name, corp_phone, corp_business_no, corp_website, corp_est, corp_size, corp_sales, corp_comment, corp_welfare, corp_address, corp_status, job, ROLE) 
values
('greennetwork@greennet.com', '1111', '그린네트워크', 029876789, 1000000002, 'http://www.greennetwork.co.kr', '2017-02-10', 2940, 9125, '그린네트워크는 2017년에 설립되어 다양한 네트워크 서비스를 제공합니다.', 
'4대보험, 생일휴가, 재택근무', '서울 금천구 벚꽃로 316', null, null, null);

insert into corp 
(corp_id, corp_password, corp_name, corp_phone, corp_business_no, corp_website, corp_est, corp_size, corp_sales, corp_comment, corp_welfare, corp_address, corp_status, job, ROLE) 
values
('apple@applesystem.com', '1111', '사과시스템', 029890765, 1000000003, 'http://www.applesystem.com', '2010-02-20', 2340, 8000, '사과시스템 소개', 
'4대보험, 학자금대출, 직원 대출', '서울 강남구 강남대로 476', null, null, null);

insert into corp 
(corp_id, corp_password, corp_name, corp_phone, corp_business_no, corp_website, corp_est, corp_size, corp_sales, corp_comment, corp_welfare, corp_address, corp_status, job, ROLE) 
values
('olive@olivenetworks.com', '1111', '올리브네트웍스', 023745558, 1000000004, 'http://www.olivenetworks.co.kr', '1999-12-07', 960, 7000, '올리브네트웍스 소개', 
'카페테리아, 육아휴직, 직장어린이집', '서울 성동구 아차산로 92', null, null, null);

insert into corp 
(corp_id, corp_password, corp_name, corp_phone, corp_business_no, corp_website, corp_est, corp_size, corp_sales, corp_comment, corp_welfare, corp_address, corp_status, job, ROLE) 
values
('ddbank@ddbank.com', '1111', 'DD은행', 021347789, 1000000005, 'http://www.ddbank.com', '2007-02-10', 690, 4000, '디디뱅크는 우리나라 최고의 은행입니다.', 
'패밀리데이, 인센티브, 점심 식대지원', '서울 송파구 오금로11길 7', null, null, null);

insert into corp 
(corp_id, corp_password, corp_name, corp_phone, corp_business_no, corp_website, corp_est, corp_size, corp_sales, corp_comment, corp_welfare, corp_address, corp_status, job, ROLE) 
values
('aatel@aatelecom.com', '1111', 'AA텔레콤', 021233454, 1000000006, 'http://www.aatelecom.com', '1989-04-21', 5413, 124000, '최고 품질의 통신 서비스를 제공합니다.', 
'유류비 지원, 시차출근제, 건강검진', '서울 중구 마른내로 34', null, null, null);


/**********************manage insert*********************/

/************기업 1에 속한 매니저************/
insert into manager (manager_email, manager_name, manager_position, manager_phone,corp_id)
values('이메일@기업1-1.com','매니저1-1','인사팀장','010-5326-6477','corp_01');
insert into manager (manager_email, manager_name, manager_position, manager_phone,corp_id)
values('이메일@기업1-2.com','매니저1-2','인사팀장','010-5326-6477','corp_01');
insert into manager (manager_email, manager_name, manager_position, manager_phone,corp_id)
values('이메일@기업1-3.com','매니저1-3','인사팀장','010-5326-6477','corp_01');

insert into manager (manager_email, manager_name, manager_position, manager_phone,corp_id)
values('이메일@기업2.com','늬늬늬','인사팀장','010-5326-6477','corp_02');
insert into manager (manager_email, manager_name, manager_position, manager_phone,corp_id)
values('이메일@기업3.com','아아아','인사팀장','010-5326-6477','corp_03');
insert into manager (manager_email, manager_name, manager_position, manager_phone,corp_id)
values('이메일@기업4.com','댜댜댜','인사팀장','010-5326-6477','corp_04');
insert into manager (manager_email, manager_name, manager_position, manager_phone,corp_id)
values('이메일@기업5.com','리리리','인사팀장','010-5326-6477','corp_05');
insert into manager (manager_email, manager_name, manager_position, manager_phone,corp_id)
values('이메일@기업6.com','사사사','인사팀장','010-5326-6477','corp_06');
insert into manager (manager_email, manager_name, manager_position, manager_phone,corp_id)
values('이메일@기업7.com','카카카','인사팀장','010-5326-6477','DBtest1');
insert into manager (manager_email, manager_name, manager_position, manager_phone,corp_id)
values('이메일@기업8.com','ㅌㅌㅌ','인사팀장','010-5326-6477','corp_13');
insert into manager (manager_email, manager_name, manager_position, manager_phone,corp_id)
values('이메일@기업9.com','ㅊㅊㅊ','인사팀장','010-5326-6477','corp_14');


/**********************recruit insert*********************/
insert into recruit (RC_SEQ,RC_TITLE,RC_POSITION,RC_CONTENT,RC_QUALIFICATION,RC_SALARY,RC_DEADLINE,RC_READ_COUNT,CORP_ID)
values (recruit_rc_seq_SEQ.nextval, 'SW개발/보안 경력직 모집', '경력직', '글로벌 리테일테크 전문기업 신세계아이앤씨에서 함께할 인재를 찾습니다.',
'무' ,4500, '2023-04-05', 0, 'corp_01');
insert into recruit (RC_SEQ,RC_TITLE,RC_POSITION,RC_CONTENT,RC_QUALIFICATION,RC_SALARY,RC_DEADLINE,RC_READ_COUNT,CORP_ID)
values (recruit_rc_seq_SEQ.nextval, '청소부', '경력직', '글로벌 리테일테크 전문기업 신세계아이앤씨에서 함께할 인재를 찾습니다.',
'무' ,3500, '2023-04-05', 0, 'corp_01');

insert into recruit (RC_SEQ,RC_TITLE,RC_POSITION,RC_CONTENT,RC_QUALIFICATION,RC_SALARY,RC_DEADLINE,RC_READ_COUNT,CORP_ID)
values (recruit_rc_seq_SEQ.nextval, '부분별 경력/신입 인재영입', '신입/경력', '우아한 청년들에서 귀한 분을 모십니다.', 
'무' ,4000, '2023-04-05', 0, 'corp_02');

insert into recruit (RC_SEQ,RC_TITLE,RC_POSITION,RC_CONTENT,RC_QUALIFICATION,RC_SALARY,RC_DEADLINE,RC_READ_COUNT,CORP_ID)
values (recruit_rc_seq_SEQ.nextval, '메타넷 그룹 경력직 공개채용', '경력직', '메타넷그룹의 사업 확장과 비즈니스 성장에 함께할 IT 전문성을 가진 인재들을 모십니다.',
'무' ,3600, '2023-04-05', 0, 'corp_03');

insert into recruit (RC_SEQ,RC_TITLE,RC_POSITION,RC_CONTENT,RC_QUALIFICATION,RC_SALARY,RC_DEADLINE,RC_READ_COUNT,CORP_ID)
values (recruit_rc_seq_SEQ.nextval, '데이터베이스 관리자(DBA)모집', '경력직', 'JLK와 함께 성장하는 열정과 패기가 넘치는 global 인재를 모집합니다.',
'대졸이상' ,3500, '2023-04-05', 0, 'corp_04');

insert into recruit (RC_SEQ,RC_TITLE,RC_POSITION,RC_CONTENT,RC_QUALIFICATION,RC_SALARY,RC_DEADLINE,RC_READ_COUNT,CORP_ID)
values (recruit_rc_seq_SEQ.nextval, '2023 IT 경력직 수시채용', '경력직', '저희 HMM 그룹과 최고 수준의 역량을 바탕으로 동반 성장의 파트너십에 기반하여 함께 성장할 인재를 찾습니다.',
'경력 5년 이상' ,5000, '2023-04-05', 0, 'corp_05');

insert into recruit (RC_SEQ,RC_TITLE,RC_POSITION,RC_CONTENT,RC_QUALIFICATION,RC_SALARY,RC_DEADLINE,RC_READ_COUNT,CORP_ID)
values (recruit_rc_seq_SEQ.nextval, '자바 개발자 인재 채용', '경력직', '대한민국 SI/SM의 NEW Leader, 랜드소프트가 함께할 인재를 찾습니다.',
'경력 3년 이상' ,4000, '2023-04-05', 0, 'corp_06');

insert into recruit(RC_SEQ,RC_TITLE,RC_POSITION,RC_CONTENT,RC_QUALIFICATION,RC_SALARY,RC_DEADLINE,RC_READ_COUNT,CORP_ID) 
values(recruit_rc_seq_SEQ.nextval,'DB개발자 모집합니다','신입','DB개발자 신입모집합니다.','없음',3000,'2023-04-05',0,'DBtest1');
insert into recruit(RC_SEQ,RC_TITLE,RC_POSITION,RC_CONTENT,RC_QUALIFICATION,RC_SALARY,RC_DEADLINE,RC_READ_COUNT,CORP_ID) 
values(recruit_rc_seq_seq.nextval,'DB개발자 모집합니다','신입','DB개발자 신입모집합니다.','없음',3000,'2023-04-05',0,'DBtest2');
insert into recruit(RC_SEQ,RC_TITLE,RC_POSITION,RC_CONTENT,RC_QUALIFICATION,RC_SALARY,RC_DEADLINE,RC_READ_COUNT,CORP_ID) 
values(recruit_rc_seq_seq.nextval,'DB개발자 모집합니다','신입','DB개발자 신입모집합니다.','없음',3000,'2023-04-05',0,'DBtest3');
insert into recruit(RC_SEQ,RC_TITLE,RC_POSITION,RC_CONTENT,RC_QUALIFICATION,RC_SALARY,RC_DEADLINE,RC_READ_COUNT,CORP_ID) 
values(recruit_rc_seq_seq.nextval,'DB개발자 모집합니다','신입','DB개발자 신입모집합니다.','없음',3000,'2023-04-05',0,'DBtest4');
insert into recruit(RC_SEQ,RC_TITLE,RC_POSITION,RC_CONTENT,RC_QUALIFICATION,RC_SALARY,RC_DEADLINE,RC_READ_COUNT,CORP_ID) 
values(recruit_rc_seq_seq.nextval,'DB개발자 모집합니다','신입','DB개발자 신입모집합니다.','없음',3000,'2023-04-05',0,'DBtest5');
insert into recruit(RC_SEQ,RC_TITLE,RC_POSITION,RC_CONTENT,RC_QUALIFICATION,RC_SALARY,RC_DEADLINE,RC_READ_COUNT,CORP_ID) 
values(recruit_rc_seq_seq.nextval,'DB개발자 모집합니다','신입','DB개발자 신입모집합니다.','없음',3000,'2023-04-05',0,'DBtest6');

insert into recruit (RC_SEQ,RC_TITLE,RC_POSITION,RC_CONTENT,RC_QUALIFICATION,RC_SALARY,RC_DEADLINE,RC_READ_COUNT,CORP_ID)
values (recruit_rc_seq_SEQ.nextval, '다큐브- 시니어 백엔드 개발자', '경력', '다큐브팀과 함께 국내 최초 기업용 음성비서를 만들어갈 동료를 찾고 있습니다.',
 'Springboot경험이 있는 분' ,5300, sysdate+30, 0, 'corp_13');

insert into recruit (RC_SEQ,RC_TITLE,RC_POSITION,RC_CONTENT,RC_QUALIFICATION,RC_SALARY,RC_DEADLINE,RC_READ_COUNT,CORP_ID)
values (recruit_rc_seq_SEQ.nextval, '개발자 구인[백엔드,프론트엔드,Android,iOS]', '신입', '구성원의 성장을 테이블링의 성장이라 생각하고 구성원분들에게 긍정적인 동기부여를 할 수
있도록 노력하고 있습니다.','무' ,0, sysdate+30, 0, 'corp_14');

insert into recruit (RC_SEQ,RC_TITLE,RC_POSITION,RC_CONTENT,RC_QUALIFICATION,RC_SALARY,RC_DEADLINE,RC_READ_COUNT,CORP_ID)
values (recruit_rc_seq_SEQ.nextval, '프론트엔드 개발자 채용[테이블링]', '신입/경력', '메타넷그룹의 사업 확장과 비즈니스 성장에 함께할 IT 전문성을 가진 인재들을 모십니다.', '무' ,3600, sysdate+30, 0, 'corp_15');

insert into recruit (RC_SEQ,RC_TITLE,RC_POSITION,RC_CONTENT,RC_QUALIFICATION,RC_SALARY,RC_DEADLINE,RC_READ_COUNT,CORP_ID)
values (recruit_rc_seq_SEQ.nextval, 'Backend Engineer (플랫폼서비스본부)', '경력', ' 무신사와 함께 한국을 넘어 글로벌 무대에서 경쟁력 있는 서비
스를 만들어갈 인재를 찾고 있습니다.','3년 이상의 개발 경력' ,0, sysdate+30, 0, 'corp_16');

insert into recruit (RC_SEQ,RC_TITLE,RC_POSITION,RC_CONTENT,RC_QUALIFICATION,RC_SALARY,RC_DEADLINE,RC_READ_COUNT,CORP_ID)
values (recruit_rc_seq_SEQ.nextval, '[Binary] 웹 프론트엔드 개발자', '경력', '하이브의 연구 및 개발 법인 바이너리코리아의 웹 프론트엔드 개발자 포지션으로서 사용자 중
심의 신규 서비스를 개발하고 운영합니다.','2년 이상 프론트 개발 경력' ,3700, sysdate+30, 0, 'corp_17');

insert into recruit (RC_SEQ,RC_TITLE,RC_POSITION,RC_CONTENT,RC_QUALIFICATION,RC_SALARY,RC_DEADLINE,RC_READ_COUNT,CORP_ID)
values (recruit_rc_seq_SEQ.nextval, '웹 개발 (JAVA/SPRING)', '신입/경력', '부서 간 협업을 위한 개발 프로젝트를 진행하고, 전사적인 성과창출을 위한 시스템 혁신을 위해 웹 개발을 담당 해주실 분을 모시고 있습니다.',
'Spring Framework 기반 개발가능' ,0, sysdate+30, 0, 'corp_18');

insert into recruit 
(rc_seq, rc_title, rc_position, rc_content, rc_qualification, rc_salary, rc_deadline, rc_read_count, corp_id) 
values (recruit_rc_seq_SEQ.NEXTVAL, '네트워크 관리자 채용', '신입', '신입 네트워크 관리자 채용합니다.', '관련 지식 보유자, 커뮤니케이션 스킬', 3000, sysdate+30, 0, 'seoulnetwork@snt.com');

insert into recruit 
(rc_seq, rc_title, rc_position, rc_content, rc_qualification, rc_salary, rc_deadline, rc_read_count, corp_id) 
values (recruit_rc_seq_SEQ.NEXTVAL, '인프라 구축 엔지니어 채용', '경력무관', '계열사 시스템 운영 업무. IT인프라 기획 및 운영', 'IT시스템 관련 기본 지식 보유', 3800, sysdate+60, 0, 'greennetwork@greennet.com');

insert into recruit 
(rc_seq, rc_title, rc_position, rc_content, rc_qualification, rc_salary, rc_deadline, rc_read_count, corp_id) 
values (recruit_rc_seq_SEQ.NEXTVAL, '정보보안 부문 채용', '경력(1년 이상)', '보안 정책 수립 및 보안 아키텍쳐 구축, 사내 정보보안교육 수행', '정보보안 관련 경험 및 자격사항 우대', 3200, sysdate+90,  0, 'apple@applesystem.com');

insert into recruit 
(rc_seq, rc_title, rc_position, rc_content, rc_qualification, rc_salary, rc_deadline, rc_read_count, corp_id) 
values (recruit_rc_seq_SEQ.NEXTVAL, '네트워크 구축 엔지니어 채용', '경력(5년 이상)', '데이터센터 네트워크 설계, 구축 및 운영', '네트워크 관련 다수의 프로젝트 경험', 5000, sysdate+90, 0, 'olive@olivenetworks.com');

insert into recruit 
(rc_seq, rc_title, rc_position, rc_content, rc_qualification, rc_salary, rc_deadline, rc_read_count, corp_id) 
values (recruit_rc_seq_SEQ.NEXTVAL, '정보보호/보안 부문 경력 채용', '경력(2년 이상)', '보안 인프라 운영 및 관리, 정보보호 및 보안 관련 외부기관 대응', '정보보호시스템 운영경험', 4300, sysdate+60, 0, 'ddbank@ddbank.com');

insert into recruit 
(rc_seq, rc_title, rc_position, rc_content, rc_qualification, rc_salary, rc_deadline, rc_read_count, corp_id) 
values (recruit_rc_seq_SEQ.NEXTVAL, '네트워크 구축 담당자 구인', '경력(10년 이상)', 'LTE 독립망 유/무선망 설계 및 분석업무, 사내 IP 할당 및 관리, 클라이언트 요구사항분석/기술 문의/이슈 상황 대응 등', '정보통신 관련 전공 졸업 또는 예정자', 9000, sysdate+90, 0, 'aatel@aatelecom.com');


/**********************corp_image insert*********************/
insert into corp_image(CORP_IMAGE_SEQ,CORP_IMAGE,CORP_ID) 
values(CORP_IMAGE_CORP_IMAGE_SEQ_SEQ.nextval,'default.jpg','corp_01');
insert into corp_image(CORP_IMAGE_SEQ,CORP_IMAGE,CORP_ID) 
values(CORP_IMAGE_CORP_IMAGE_SEQ_SEQ.nextval,'default.jpg','corp_01');
insert into corp_image(CORP_IMAGE_SEQ,CORP_IMAGE,CORP_ID) 
values(CORP_IMAGE_CORP_IMAGE_SEQ_SEQ.nextval,'default.jpg','corp_01');

insert into corp_image(CORP_IMAGE_SEQ,CORP_IMAGE,CORP_ID) 
values(CORP_IMAGE_CORP_IMAGE_SEQ_SEQ.nextval,'default.jpg','corp_02');
insert into corp_image(CORP_IMAGE_SEQ,CORP_IMAGE,CORP_ID) 
values(CORP_IMAGE_CORP_IMAGE_SEQ_SEQ.nextval,'default.jpg','corp_02');

insert into corp_image(CORP_IMAGE_SEQ,CORP_IMAGE,CORP_ID) 
values(CORP_IMAGE_CORP_IMAGE_SEQ_SEQ.nextval,'default.jpg','corp_03');



/*********************************개인회원관련********************************/
/**********************userinfo insert************************/
insert into userinfo(user_seq,user_email,user_password) values(userinfo_user_seq_SEQ.nextval,'test1@test.com','1111');
insert into userinfo(user_seq,user_email,user_password) values(userinfo_user_seq_SEQ.nextval,'test2@test.com','2222');
insert into userinfo(user_seq,user_email,user_password) values(userinfo_user_seq_SEQ.nextval,'test3@test.com','3333');

/**********************education insert************************/
insert into education(edu_seq,edu_major,edu_name,edu_start_date,edu_end_date,edu_score,edu_content,user_seq)
values(EDUCATION_EDU_SEQ_SEQ.nextval,'컴퓨터공학과','대학교',sysdate-90,sysdate-30,4.0,'학점만점',userinfo_user_seq_SEQ.currval);
/**********************awards insert***************************/

insert into awards(awards_seq, awards_name, awards_date, awards_content,user_seq)
values(awards_awards_seq_SEQ.nextval,'창의경진대회',sysdate-500,'장관상',userinfo_user_seq_SEQ.currval);

insert into awards(awards_seq, awards_name, awards_date, awards_content,user_seq)
values(awards_awards_seq_SEQ.nextval,'과학경진대회','2023/01/28','국무총리상',userinfo_user_seq_SEQ.currval);

insert into awards(awards_seq, awards_name, awards_date, awards_content,user_seq)
values(awards_awards_seq_SEQ.nextval,'정보화경진대회','2023/02/28','대통령상',userinfo_user_seq_SEQ.currval);

/**********************experience insert*************************/
insert into experience(exp_seq, exp_position, exp_corp_name,exp_start_date, exp_end_date,exp_content, user_seq)
values(EXPERIENCE_EXP_SEQ_SEQ.nextval,'청소원','마이크로소프트',sysdate-600,sysdate-400,'잡부',userinfo_user_seq_SEQ.currval);
insert into experience(exp_seq, exp_position, exp_corp_name,exp_start_date, exp_end_date,exp_content, user_seq)
values(EXPERIENCE_EXP_SEQ_SEQ.nextval,'웹개발1팀장','구글',sysdate-400,sysdate,'구글에드센스 개발',userinfo_user_seq_SEQ.currval);
/**********************CV insert*************************/
insert into cv(cv_seq, cv_name, cv_description, cv_portfolio, user_seq)
values(CV_CV_SEQ_SEQ.nextval, '웹개발이력서', '~~자기소개~~','https://github.com/테스트1/', userinfo_user_seq_SEQ.currval);
insert into cv(cv_seq, cv_name, cv_description, cv_portfolio, user_seq)
values(CV_CV_SEQ_SEQ.nextval, '하드개발이력서', '~~하드웨어용 자기소개~~','https://github.com/테스트1/', userinfo_user_seq_SEQ.currval);
--userinfo_user_seq_SEQ.currval(user_seq를 app의 user_seq랑 일치시켜야한다)
insert into cv(cv_seq, cv_name, cv_description, cv_portfolio, user_seq)
values(CV_CV_SEQ_SEQ.nextval, '테스트2이력서', '~~자기소개2~~','https://github.com/테스트2/', userinfo_user_seq_SEQ.currval);
/**********************recruit_scrap insert*************************/




/***************************************관계테이블**********************************/
/**********************app insert*************************/
insert into app(app_seq, app_status, rc_seq, cv_seq, user_seq, corp_id)
values(APP_APP_SEQ_SEQ.nextval, '2', 1,1, 1, 'corp_01');
insert into app(app_seq, app_status, rc_seq, cv_seq, user_seq, corp_id)
values(APP_APP_SEQ_SEQ.nextval, '0', 2,1, 1, 'corp_02');
insert into app(app_seq, app_status, rc_seq, cv_seq, user_seq, corp_id)
values(APP_APP_SEQ_SEQ.nextval, '0', 3,1, 1, 'corp_03');
insert into app(app_seq, app_status, rc_seq, cv_seq, user_seq, corp_id)
values(APP_APP_SEQ_SEQ.nextval, '1', 4,1, 1, 'corp_04');

insert into app(app_seq, app_status, rc_seq, cv_seq, user_seq, corp_id)
values(APP_APP_SEQ_SEQ.nextval, '2', 1,1, 2, 'corp_01');
insert into app(app_seq, app_status, rc_seq, cv_seq, user_seq, corp_id)
values(APP_APP_SEQ_SEQ.nextval, '0', 2,1, 2, 'corp_02');
insert into app(app_seq, app_status, rc_seq, cv_seq, user_seq, corp_id)
values(APP_APP_SEQ_SEQ.nextval, '1', 3,2, 2, 'corp_03');
insert into app(app_seq, app_status, rc_seq, cv_seq, user_seq, corp_id)
values(APP_APP_SEQ_SEQ.nextval, '1', 4,2, 2, 'corp_04');

insert into app(app_seq, app_status, rc_seq, cv_seq, user_seq, corp_id)
values(APP_APP_SEQ_SEQ.nextval, '0', 1,3, 3, 'corp_01');
insert into app(app_seq, app_status, rc_seq, cv_seq, user_seq, corp_id)
values(APP_APP_SEQ_SEQ.nextval, '0', 2,3, 3, 'corp_02');
insert into app(app_seq, app_status, rc_seq, cv_seq, user_seq, corp_id)
values(APP_APP_SEQ_SEQ.nextval, '0', 3,3, 3, 'corp_03');
insert into app(app_seq, app_status, rc_seq, cv_seq, user_seq, corp_id)
values(APP_APP_SEQ_SEQ.nextval, '0', 4,3, 3, 'corp_04');
insert into app(app_seq, app_status, rc_seq, cv_seq, user_seq, corp_id)
values(APP_APP_SEQ_SEQ.nextval, '0', 5,3, 3, 'corp_05');
/**********************message insert*************************/
insert into message(message_seq, message_title, message_contents, message_date, app_seq, user_seq) 
values(message_massage_seq_SEQ.nextval,'메세지 제목','내용','2023/03/31',6,2);

insert into message(message_seq, message_title, message_contents, message_date, app_seq, user_seq) 
values(message_massage_seq_SEQ.nextval,'메세지 제목','내용','2023/03/30',6,2);

insert into message(message_seq, message_title, message_contents, message_date, app_seq, user_seq) 
values(message_massage_seq_SEQ.nextval,'메세지 제목','내용','2023/03/29',6,2);


insert into message(message_seq, message_title, message_contents, message_date, app_seq, user_seq) 
values(message_massage_seq_SEQ.nextval,'이력서 열람','내용','2023/04/06',6,2);

/**********************review insert*********************/
/*****user_seq=1인 회원의 모든 기업 리뷰******/
insert into review (review_seq,review_grade,review_title,review_content, corp_id, user_seq)
values(REVIEW_REVIEW_SEQ_SEQ.nextval,'1','리뷰 제목1','리뷰 내용1','corp_01','1');
insert into review (review_seq,review_grade,review_title,review_content, corp_id, user_seq)
values(REVIEW_REVIEW_SEQ_SEQ.nextval,'2','리뷰 제목2','리뷰 내용2','corp_02','1');
insert into review (review_seq,review_grade,review_title,review_content, corp_id, user_seq)
values(REVIEW_REVIEW_SEQ_SEQ.nextval,'3','리뷰 제목3','리뷰 내용3','corp_03','1');

insert into review (review_seq,review_grade,review_title,review_content, corp_id, user_seq)
values(REVIEW_REVIEW_SEQ_SEQ.nextval,'1','리뷰 제목1-1','리뷰 내용1-1','corp_01','2');
insert into review (review_seq,review_grade,review_title,review_content, corp_id, user_seq)
values(REVIEW_REVIEW_SEQ_SEQ.nextval,'2','리뷰 제목2-1','리뷰 내용2-1','corp_02','2');

/*****************************************태그************************************/
/**********************tag insert**************************/
insert into tag(tag_id, tag_name) values (TAG_TAG_ID_SEQ.nextval, '태그1');
insert into tag(tag_id, tag_name) values (TAG_TAG_ID_SEQ.nextval, '태그2');
insert into tag(tag_id, tag_name) values (TAG_TAG_ID_SEQ.nextval, '태그3');
/**********************corp_tag insert**************************/
insert into corp_tag(tag_id,corp_id) values('1','corp_01');
insert into corp_tag(tag_id,corp_id) values('2','corp_01');
insert into corp_tag(tag_id,corp_id) values('3','corp_01');
insert into corp_tag(tag_id,corp_id) values('2','corp_02');
insert into corp_tag(tag_id,corp_id) values('3','corp_03');
/**********************recruit_tag insert**************************/
insert into recruit_tag(tag_id,rc_seq) values('1','1');
insert into recruit_tag(tag_id,rc_seq) values('2','1');
insert into recruit_tag(tag_id,rc_seq) values('2','2');
insert into recruit_tag(tag_id,rc_seq) values('3','2');
insert into recruit_tag(tag_id,rc_seq) values('1','3');
/**********************crop_bookmark insert**************************/



/*********************************결제관련********************************/
/**********************product insert**************************/
--개인회원 상품 insert=> p_div: U
insert into product (p_no,p_name,p_price,p_end_month,p_image,p_div)
values(1,'개인회원상품1',10000,1,'상품이미지1','U');
insert into product (p_no,p_name,p_price,p_end_month,p_image,p_div)
values(2,'개인회원상품2',20000,2,'상품이미지2','U');
insert into product (p_no,p_name,p_price,p_end_month,p_image,p_div)
values(3,'개인회원상품3',30000,3,'상품이미지3','U');

--기업회원 상품 insert=> p_div: C
insert into product (p_no,p_name,p_price,p_end_month,p_image,p_div)
values(4,'기업회원상품1',40000,4,'상품이미지4','C');
insert into product (p_no,p_name,p_price,p_end_month,p_image,p_div)
values(5,'기업회원상품2',50000,5,'상품이미지5','C');
insert into product (p_no,p_name,p_price,p_end_month,p_image,p_div)
values(6,'기업회원상품3',60000,6,'상품이미지6','C');

/**********************orders insert**************************/
--개인회원1 user_seq:1 로 개인상품 p_no 1주문하기
insert into orders(order_no,order_end_date,order_valid,p_no,corp_id,user_seq)
values(ORDERS_ORDER_NO_SEQ.nextval,'2023/01/01',T,1,'corp_1',1);
--개인회원1 user_seq:2 로 개인상품 p_no 2주문하기
insert into orders(order_no,p_no,corp_id,user_seq)
values(ORDERS_ORDER_NO_SEQ.nextval,2,null,2);
--기업회원1 'corp_01' 로 기업상품 p_no 4주문하기
insert into orders(order_no,p_no,corp_id,user_seq)
values(ORDERS_ORDER_NO_SEQ.nextval,4,'corp_01',null);
--기업회원1 'corp_02' 로 기업상품 p_no 5주문하기
insert into orders(order_no,p_no,corp_id,user_seq)
values(ORDERS_ORDER_NO_SEQ.nextval,5,'corp_02',null);

/**********************payment insert**************************/



/*********************************블로그게시판관련********************************/
/**********************blog_cate insert**************************/
insert into blog_cate(blog_cate_seq, blog_cate_name) values(blog_cate_blog_cate_seq_SEQ.nextval, '일월');
insert into blog_cate(blog_cate_seq, blog_cate_name) values(blog_cate_blog_cate_seq_SEQ.nextval, '일화');
insert into blog_cate(blog_cate_seq, blog_cate_name) values(blog_cate_blog_cate_seq_SEQ.nextval, '일수');
insert into blog_cate(blog_cate_seq, blog_cate_name) values(blog_cate_blog_cate_seq_SEQ.nextval, '일목');
insert into blog_cate(blog_cate_seq, blog_cate_name) values(blog_cate_blog_cate_seq_SEQ.nextval, '일금');
insert into blog_cate(blog_cate_seq, blog_cate_name) values(blog_cate_blog_cate_seq_SEQ.nextval, '일토');

/**********************blog insert**************************/

insert into blog(blog_seq,blog_title,blog_content,blog_date,blog_image,blog_read_count,blog_like,user_seq,blog_cate_seq)
values(blog_blog_seq_SEQ.nextval,'블로그 제목1','블로그 내용1','2023-03-01','이미지1',1,1,1,1);
insert into blog(blog_seq, blog_title, blog_content, blog_date, blog_image, blog_read_count, blog_like, user_seq, blog_cate_seq)
values(blog_blog_seq_SEQ.nextval,'블로그 제목2','블로그 내용2','2023-03-02', '이미지2',2,2,2,2);
insert into blog(blog_seq, blog_title, blog_content, blog_date, blog_image, blog_read_count, blog_like, user_seq, blog_cate_seq)
values(blog_blog_seq_SEQ.nextval,'블로그 제목3','블로그 내용3','2023-03-03', '이미지3',3,3,3,3);
insert into blog(blog_seq, blog_title, blog_content, blog_date, blog_image, blog_read_count, blog_like, user_seq, blog_cate_seq)
values(blog_blog_seq_SEQ.nextval,'블로그 제목4','블로그 내용4','2023-03-04', '이미지4',4,4,3,4);

/**********************blog_comment insert**************************/

insert into blog_comment(comment_seq, comment_content,comment_date,user_seq,blog_seq) values(blog_comment_comment_seq_SEQ.nextval,'블로그 댓글내용1', '2023-03-01',1,1);
insert into blog_comment(comment_seq, comment_content,comment_date,user_seq,blog_seq) values(blog_comment_comment_seq_SEQ.nextval,'블로그 댓글내용2', '2023-03-02',2,2);
insert into blog_comment(comment_seq, comment_content,comment_date,user_seq,blog_seq) values(blog_comment_comment_seq_SEQ.nextval,'블로그 댓글내용3', '2023-03-03',3,3);
insert into blog_comment(comment_seq, comment_content,comment_date,user_seq,blog_seq) values(blog_comment_comment_seq_SEQ.nextval,'블로그 댓글내용4', '2023-03-04',3,3);





/**********************admin insert*************************/
insert into admin(admin_id, blog_seq, corp_id, pay_seq, rc_seq, p_no, user_seq) values('admin1@admin.com',1,'corp_01',null,1,1,1);
insert into admin(admin_id, blog_seq, corp_id, pay_seq, rc_seq, p_no, user_seq) values('admin2@admin.com',2,'corp_02',null,2,2,2);
insert into admin(admin_id, blog_seq, corp_id, pay_seq, rc_seq, p_no, user_seq) values('admin3@admin.com',3,'corp_03',null,3,3,3);
insert into admin(admin_id, blog_seq, corp_id, pay_seq, rc_seq, p_no, user_seq) values('admin4@admin.com',5,'corp_04',null,4,4,3);


commit;


select * from admin;

