<rss xmlns:dc="http://purl.org/dc/elements/1.1/" version="2.0">
	<channel>
		<title>
<![CDATA[ 조선일보 ]]>
		</title>
		<link>https://www.chosun.com</link>
		<description>
<![CDATA[ 1등 인터넷뉴스 조선닷컴 | 연예 ]]>
		</description>
		<lastBuildDate>Mon, 16 Mar 2020 15:33:44 +0900</lastBuildDate>
		<copyright>Copyright (c) 2004 chosun.com All rights reserved</copyright>
		<webMaster>webmaster@chosun.com</webMaster>
		<language>ko</language>
		<image>
			<title>조선일보</title>
			<url>https://image.chosun.com/cs_logo.png</url>
			<link>https://www.chosun.com</link>
			<description>1등 인터넷뉴스 조선닷컴</description>
		</image>
		<item>
			<title>
				<![CDATA[ '37kg 감량' 신동 "저때 저랬나? 꼭 유지할 것"…동해 "누구세요" ]]>
			</title>
			<link>
				https://news.chosun.com/site/data/html_dir/2020/03/16/2020031602858.html
			</link>
			<description>
				<![CDATA[
				<table border=0 cellspacing=3 cellpadding=0 width=100%><tr><td><img src="https://image.chosun.com/sitedata/thumbnail/202003/16/2020031602850_0_thumb.jpg" border=0></td></tr></table> [스포츠조선닷컴 김준석 기자] 슈퍼주니어 신동이 다이어트 성공 후 소감을 밝혔다.16일 신동은 자신의 인스타그램에 "저 다이어트했다. 면역력도 좋아지고 아주 건강해졌다"고 글을 썼다. 신동은 자신의 다이어트 전후 사진을 함께 게재했다.공개된 사진 속 신동은 엄청나게 달라진 비주얼과 날렵한 턱선을 자랑하고 있어 네티즌들의 시선을 사로잡았다.특히 슈퍼주니어에서 함께 활동을 하는 동해는 "누구세요"라는 댓글을 남겨 웃음을 자아냈다.신동은 과거 굶는 다이어트나 덴마크 다이어트 등 다양한 다이어트 방법을 시도했지만 매번 요요가 오면서 다이어...
				]]>
			</description>
			<dc:date>2020-03-16T15:24:33+09:00</dc:date>
			<author>
<![CDATA[ 스포츠조선=김준석 기자( narusi@sportschosun.com ) ]]>
			</author>
			<category>
<![CDATA[ 연예 포토 ]]>
			</category>
			<pubDate>Mon, 16 Mar 2020 15:24:33 +0900</pubDate>
		</item>
		<item>
			<title>
<![CDATA[ [종합]"짝사랑 해본적 없다"…'반의반' 정해인 '♥채수빈'과 '찐'멜로 예약 ]]>
			</title>
			<link>
				https://news.chosun.com/site/data/html_dir/2020/03/16/2020031602826.html
			</link>
			<description>
<![CDATA[
<table border=0 cellspacing=3 cellpadding=0 width=100%><tr><td><img src="https://image.chosun.com/sitedata/thumbnail/202003/16/2020031602818_0_thumb.jpg" border=0></td></tr></table> [스포츠조선 고재완 기자] AI를 소재로한 정통 멜로물 tvN 새 월화극 '반의반'이 베일을 벗었다.'반의반'은 인공지능 프로그래머 하원(정해인)과 클래식 녹음 엔지니어 서우(채수빈)가 만나 그리는 시작도, 성장도, 끝도 자유로운 짝사랑 이야기다. 정해인은 N년차 짝사랑 중인 인공지능 프로그래머 하원 역을, 채수빈은 하원의 짝사랑이 신경 쓰이는 클래식 녹음엔지니어 서우 역을 맡아 기대를 모으고 있다. 연출을 맡은 이상엽 감독은 16일 온라인 중계한 tvN 새 월화극 '반의반' 제작발표회에서 "소중한 것들을 찾아가는 드라마가 될 것"...
]]>
			</description>
			<dc:date>2020-03-16T15:23:34+09:00</dc:date>
			<author>
<![CDATA[ 스포츠조선=고재완 기자( star77@sportschosun.com ) ]]>
			</author>
			<category>
<![CDATA[ 연예 포토 ]]>
			</category>
			<pubDate>Mon, 16 Mar 2020 15:23:34 +0900</pubDate>
		</item>
		<item>
			<title>
<![CDATA[ [공식] '미스터트롯' 김호중, '미스트롯' 정미애-김소유와 한솥밥 ]]>
			</title>
			<link>
				https://news.chosun.com/site/data/html_dir/2020/03/16/2020031602782.html
			</link>
			<description>
<![CDATA[
<table border=0 cellspacing=3 cellpadding=0 width=100%><tr><td><img src="https://image.chosun.com/sitedata/thumbnail/202003/16/2020031602774_0_thumb.jpg" border=0></td></tr></table> [스포츠조선 백지은 기자] TV조선 '내일은 미스터트롯'(이하 '미스터트롯') 김호중이 정미애와 한솥밥을 먹는다. 16일 소속사 생각을보여주는엔터테인먼트 측은 "'미스터트롯'에서 큰 사랑을 받은 김호중과 전속계약을 체결했다. 다양한 분야에서 활동할 수 있도록 전폭적인 지원을 아끼지 않을 것"이라고 말했다. '트바로티'로 불리며 화제의 중심에 서있던 김호중은 진성의 '태클을 걸지 마'를 비롯해 '무정부르스', 주현미 '짝사랑', 조항조 '고맙소' 등 장르를 넘나드는 소화력과 가창력을 자랑하며 역대급 무대의 연속을 선보인 바 있다.특히...
]]>
			</description>
			<dc:date>2020-03-16T15:19:49+09:00</dc:date>
			<author>
<![CDATA[ 스포츠조선=백지은 기자( silk781220@sportschosun.com ) ]]>
			</author>
			<category>
<![CDATA[ 연예 포토 ]]>
			</category>
			<pubDate>Mon, 16 Mar 2020 15:19:49 +0900</pubDate>
		</item>
		<item>
			<title>
<![CDATA[ '정산회담' 김나희 "개그우먼 활동 때 평균 수입 200만원…현재 20배 늘어" ]]>
			</title>
			<link>
				https://news.chosun.com/site/data/html_dir/2020/03/16/2020031602820.html
			</link>
			<description>
<![CDATA[
<table border=0 cellspacing=3 cellpadding=0 width=100%><tr><td><img src="https://image.chosun.com/sitedata/thumbnail/202003/16/2020031602812_0_thumb.jpg" border=0></td></tr></table> [스포츠조선 조윤선 기자] '정산회담' 김나희가 수입을 공개했다.17일(화) 방송되는 JTBC '돈길만 걸어요-정산회담' (이하 '정산회담')에서는 '개로트 가수(개그맨+트로트 가수)'로 활동 중인 '김나희'가 의뢰인으로 찾아와 안건을 내놓는다. 또한 2015년 대통령 표창으로 저축상을 수상며 개그계 대표 절약왕으로 등극한 개그우먼 김지민이 스페셜 돈반자로 찾아온다.최근 진행된 '정산회담' 녹화에서 김지민은 스스로 '이사의 달인'임을 공개하며 다채로운 이사 경험담을 쏟아냈다. 또한 돈과 관련된 일화를 소개하며 절친 박나래에 대한 고...
]]>
			</description>
			<dc:date>2020-03-16T15:18:02+09:00</dc:date>
			<author>
<![CDATA[ 스포츠조선=조윤선 기자( supremez@sportschosun.com ) ]]>
			</author>
			<category>
<![CDATA[ 연예 포토 ]]>
			</category>
			<pubDate>Mon, 16 Mar 2020 15:18:02 +0900</pubDate>
		</item>
		<item>
			<title>
<![CDATA[
[O! STAR]홍은기(HongEunKi), 절제된 섹시미의 정석 ‘숨(BREATH)’ 무대영상
]]>
			</title>
			<link>
				https://news.chosun.com/site/data/html_dir/2020/03/16/2020031602665.html
			</link>
			<description>
<![CDATA[
<table border=0 cellspacing=3 cellpadding=0 width=100%><tr><td><img src="https://image.chosun.com/sitedata/thumbnail/202003/16/2020031602657_0_thumb.jpg" border=0></td></tr></table> [OSEN=최재현 기자] 16일 오후 서울 강남구 일지아트홀에서 가수 홍은기의 첫 번째 미니 앨범 &lsquo;UNDEFINABLE:LOVE&rsquo; 발매 기념 쇼케이스가 열렸다.&lsquo;UNDEFINABLE:LOVE&rsquo;는 시각적으로 보이지 않지만 한정되지 않고 정의 내릴 수 없는 영역인 사랑을 홍은기만의 해석과 표현으로 담았다. 타이틀곡인 &lsquo;숨&rsquo;을 비롯해 몽환적인 사운드의 &lsquo;LOST IN YOU&lsquo;, R&amp;B 댄스곡 &rsquo;PARAN...
]]>
			</description>
			<dc:date>2020-03-16T15:16:00+09:00</dc:date>
			<author>
<![CDATA[ OSEN( ) ]]>
			</author>
			<category>
<![CDATA[ 연예 포토 ]]>
			</category>
			<pubDate>Mon, 16 Mar 2020 15:16:00 +0900</pubDate>
		</item>
		<item>
			<title>
<![CDATA[ '계약우정' 측 "이신영·신승호·김소혜의 신선한 개성, 캐릭터 매력 극대화" [공식] ]]>
			</title>
			<link>
				https://news.chosun.com/site/data/html_dir/2020/03/16/2020031602677.html
			</link>
			<description>
<![CDATA[
<table border=0 cellspacing=3 cellpadding=0 width=100%><tr><td><img src="https://image.chosun.com/sitedata/thumbnail/202003/16/2020031602669_0_thumb.jpg" border=0></td></tr></table> [OSEN=이승훈 기자]&nbsp;&lsquo;계약우정&rsquo; 이신영, 신승호, 김소혜가 웹툰을 찢어놓았다. 완벽 싱크로율을 자랑하는 웹툰 티저 영상이 전격 공개된 것.&nbsp;KBS 2TV 새 월화드라마&nbsp;&lsquo;계약우정&rsquo;은 존재감 없던 평범한 고등학생 찬홍이 우연히 쓴 시 한 편 때문에 전설의 주먹이라 불리는 돈혁과 &lsquo;계약우정&rsquo;을 맺게 되면서 벌어지는 좌충우돌 시(詩)스터리 모험기다. 평점 9.9, 누적 조회수 1600만을 기록하며 흥행과 작품성을...
]]>
			</description>
			<dc:date>2020-03-16T15:12:00+09:00</dc:date>
			<author>
<![CDATA[ OSEN( ) ]]>
			</author>
			<category>
<![CDATA[ 연예 포토 ]]>
			</category>
			<pubDate>Mon, 16 Mar 2020 15:12:00 +0900</pubDate>
		</item>
		<item>
			<title>
<![CDATA[ 레전드 로코 '첫키스만 50번째' 26일 개봉...일본 리메이크 ]]>
			</title>
			<link>
				https://news.chosun.com/site/data/html_dir/2020/03/16/2020031602404.html
			</link>
			<description>
<![CDATA[
<table border=0 cellspacing=3 cellpadding=0 width=100%><tr><td><img src="https://image.chosun.com/sitedata/thumbnail/202003/16/2020031602396_0_thumb.jpg" border=0></td></tr></table> 영화 '첫키스만 50번째'(감독 후쿠다 유이치)가 26일 개봉한다.아담 샌들러, 드류 베리모어가 주연한 로맨틱 코미디 영화의 일본 리메이크작이다. 자고 일어나면 기억이 리셋되는 여자와 매일 그녀에게 고백하는 남자의 운명적인 사랑 이야기다. 일본 개봉 당시 100만 이상의 관객을 모아 12억 엔(137억원)의 흥행 수익을 냈던 작품이다.나가사와 마사미가 자고 일어나면 기억을 잃는 '루이'로 분했다. 야마다 타카유키가 루이에게 매일 고백하는 '다이스케' 역을 맡았다. 두 배우는 섬세한 연기로 애틋한 사랑을 그려낼 예정이다.16일 공개한...
]]>
			</description>
			<dc:date>2020-03-16T15:06:33+09:00</dc:date>
			<author>
<![CDATA[ 뉴시스( ) ]]>
			</author>
			<category>
<![CDATA[ 무비 ]]>
			</category>
			<pubDate>Mon, 16 Mar 2020 15:06:33 +0900</pubDate>
		</item>
		<item>
			<title>
<![CDATA[ 홍석천 "코로나19 탓 이태원 가게 문 닫아···월세 935만원" ]]>
			</title>
			<link>
				https://news.chosun.com/site/data/html_dir/2020/03/16/2020031602402.html
			</link>
			<description>
<![CDATA[
<table border=0 cellspacing=3 cellpadding=0 width=100%><tr><td><img src="https://image.chosun.com/sitedata/thumbnail/202003/16/2020031602394_0_thumb.jpg" border=0></td></tr></table> 탤런트 홍석천이 신종 코로나바이러스 감염증(코로나19) 탓에 가게 영업을 중단했다. 이 공간을 무상으로 대여하겠다며 "좋은 아이디어가 있으면 연락달라"고 요청했다.홍석천은 16일 인스타그램에 "이태원에 있는 마이첼시 오픈한지 12년쯤 됐는데 단 하루도 쉬지도 않고 영업하던 가게"라며 "코로나19 때문에 지난주부터 잠시 휴업하고 있다. 눈물이 난다. 월세는 935만원 정도"라며 "이왕 문 닫고 쉬는데 번뜩 생각이 난다. 혹시 이 공간을 이용하고픈 열정 넘치고 콘텐츠 좋은 분들 연락달라. 함께 재미있게 할 수 있을 것 같다"고 밝혔다....
]]>
			</description>
			<dc:date>2020-03-16T15:06:11+09:00</dc:date>
			<author>
<![CDATA[ 뉴시스( ) ]]>
			</author>
			<category>
<![CDATA[ 연예 일반 ]]>
			</category>
			<pubDate>Mon, 16 Mar 2020 15:06:11 +0900</pubDate>
		</item>
		<item>
			<title>
<![CDATA[ [공식] 구혜선, 에세이집→4월 전시 수익금도 '코로나19' 극복 위해 기부 ]]>
			</title>
			<link>
				https://news.chosun.com/site/data/html_dir/2020/03/16/2020031602487.html
			</link>
			<description>
<![CDATA[
<table border=0 cellspacing=3 cellpadding=0 width=100%><tr><td><img src="https://image.chosun.com/sitedata/thumbnail/202003/16/2020031602479_0_thumb.jpg" border=0></td></tr></table> [스포츠조선 조윤선 기자] 배우 구혜선이 신종 코로나바이러스 감염증(코로나19) 극복을 위해 전시 수익금을 기부한다.구혜선은 16일 자신의 인스타그램에 "구혜선 초대전(항해-다시 또다시)이 열린다"고 전했다.이어 "4월 4일 예정이었던 기자간담회는 코로나19로 인해 18일(토요일)로 변경되었다"며 "전시 수익금은 코로나19 복지를 위하여 쓰여진다. 많은 관심 부탁드린다"고 밝혔다.구혜선은 영국 런던 어학연수 중에도 코로나19를 위한 기부를 이어오고 있다. 지난 10일에도 반려동물 에세이집 '나는 너의 반려동물' 수익금을 코로나19 ...
]]>
			</description>
			<dc:date>2020-03-16T15:04:47+09:00</dc:date>
			<author>
<![CDATA[ 스포츠조선=조윤선 기자( supremez@sportschosun.com ) ]]>
			</author>
			<category>
<![CDATA[ 연예 포토 ]]>
			</category>
			<pubDate>Mon, 16 Mar 2020 15:04:47 +0900</pubDate>
		</item>
		<item>
			<title>
<![CDATA[ [사진]홍은기,'분위기가 넘쳐' ]]>
			</title>
			<link>
				https://news.chosun.com/site/data/html_dir/2020/03/16/2020031602375.html
			</link>
			<description>
<![CDATA[
<table border=0 cellspacing=3 cellpadding=0 width=100%><tr><td><img src="https://image.chosun.com/sitedata/thumbnail/202003/16/2020031602367_0_thumb.jpg" border=0></td></tr></table> [OSEN=조은정 기자] 16일 오후 서울 강남구 일지아트홀에서 가수 홍은기의 첫 번째 미니 앨범 &lsquo;UNDEFINABLE:LOVE&rsquo; 발매 기념 쇼케이스가 열렸다.&lsquo;UNDEFINABLE:LOVE&rsquo;는 시각적으로 보이지 않지만 한정되지 않고 정의 내릴 수 없는 영역인 사랑을 홍은기만의 해석과 표현으로 담았다. 타이틀곡인 &lsquo;숨&rsquo;을 비롯해 몽환적인 사운드의 &lsquo;LOST IN YOU&lsquo;, R&amp;B 댄스곡 &rsquo;PARAN...
]]>
			</description>
			<dc:date>2020-03-16T14:59:00+09:00</dc:date>
			<author>
<![CDATA[ OSEN( ) ]]>
			</author>
			<category>
<![CDATA[ 연예 포토 ]]>
			</category>
			<pubDate>Mon, 16 Mar 2020 14:59:00 +0900</pubDate>
		</item>
		<item>
			<title>
<![CDATA[ [포토] 홍은기 '이제는 솔로 가수랍니다' ]]>
			</title>
			<link>
				https://news.chosun.com/site/data/html_dir/2020/03/16/2020031602465.html
			</link>
			<description>
<![CDATA[
<table border=0 cellspacing=3 cellpadding=0 width=100%><tr><td><img src="https://image.chosun.com/sitedata/thumbnail/202003/16/2020031602457_0_thumb.jpg" border=0></td></tr></table> 가수 홍은기가 16일 압구정동 일지아트홀에서 열린 첫 번째 미니 앨범 'UNDEFINABLE:LOVE' 쇼케이스에서 열창하고 있다.'UNDEFINABLE:LOVE'는 시각적으로 보이지 않지만 한정되지 않고 정의 내릴 수 없는 영역인 사랑을 홍은기만의 해석과 표현으로 담았다. 압구정=최문영 기자 deer@sportschosun.com /2020.03.16/<!-- DNS --> ▲ 800만원대 풀옵션 '브람스 안마의자' 100만원'대 30대 한정! ▲ “요즘 결혼 생활 힘들어..” ‘사생활 유출’ 주진모 아내, 근황 고백 ▲ “살려...
]]>
			</description>
			<dc:date>2020-03-16T14:58:27+09:00</dc:date>
			<author>
<![CDATA[ 스포츠조선=최문영 기자( deer@sportschosun.com ) ]]>
			</author>
			<category>
<![CDATA[ 연예 포토 ]]>
			</category>
			<pubDate>Mon, 16 Mar 2020 14:58:27 +0900</pubDate>
		</item>
		<item>
			<title>
<![CDATA[ [포토] 홍은기 '혼자서 흔들림 없는 솔로무대' ]]>
			</title>
			<link>
				https://news.chosun.com/site/data/html_dir/2020/03/16/2020031602489.html
			</link>
			<description>
<![CDATA[
<table border=0 cellspacing=3 cellpadding=0 width=100%><tr><td><img src="https://image.chosun.com/sitedata/thumbnail/202003/16/2020031602481_0_thumb.jpg" border=0></td></tr></table> 가수 홍은기가 16일 압구정동 일지아트홀에서 열린 첫 번째 미니 앨범 'UNDEFINABLE:LOVE' 쇼케이스에서 열창하고 있다.'UNDEFINABLE:LOVE'는 시각적으로 보이지 않지만 한정되지 않고 정의 내릴 수 없는 영역인 사랑을 홍은기만의 해석과 표현으로 담았다. 압구정=최문영 기자 deer@sportschosun.com /2020.03.16/<!-- DNS --> ▲ 800만원대 풀옵션 '브람스 안마의자' 100만원'대 30대 한정! ▲ “요즘 결혼 생활 힘들어..” ‘사생활 유출’ 주진모 아내, 근황 고백 ▲ “살려...
]]>
			</description>
			<dc:date>2020-03-16T14:58:11+09:00</dc:date>
			<author>
<![CDATA[ 스포츠조선=최문영 기자( deer@sportschosun.com ) ]]>
			</author>
			<category>
<![CDATA[ 연예 포토 ]]>
			</category>
			<pubDate>Mon, 16 Mar 2020 14:58:11 +0900</pubDate>
		</item>
		<item>
			<title>
<![CDATA[ [사진]홍은기,'소속사 대표이자 가수' ]]>
			</title>
			<link>
				https://news.chosun.com/site/data/html_dir/2020/03/16/2020031602405.html
			</link>
			<description>
<![CDATA[
<table border=0 cellspacing=3 cellpadding=0 width=100%><tr><td><img src="https://image.chosun.com/sitedata/thumbnail/202003/16/2020031602397_0_thumb.jpg" border=0></td></tr></table> [OSEN=조은정 기자] 16일 오후 서울 강남구 일지아트홀에서 가수 홍은기의 첫 번째 미니 앨범 &lsquo;UNDEFINABLE:LOVE&rsquo; 발매 기념 쇼케이스가 열렸다.&lsquo;UNDEFINABLE:LOVE&rsquo;는 시각적으로 보이지 않지만 한정되지 않고 정의 내릴 수 없는 영역인 사랑을 홍은기만의 해석과 표현으로 담았다. 타이틀곡인 &lsquo;숨&rsquo;을 비롯해 몽환적인 사운드의 &lsquo;LOST IN YOU&lsquo;, R&amp;B 댄스곡 &rsquo;PARAN...
]]>
			</description>
			<dc:date>2020-03-16T14:58:00+09:00</dc:date>
			<author>
<![CDATA[ OSEN( ) ]]>
			</author>
			<category>
<![CDATA[ 연예 포토 ]]>
			</category>
			<pubDate>Mon, 16 Mar 2020 14:58:00 +0900</pubDate>
		</item>
		<item>
			<title>
<![CDATA[ [포토] 홍은기 '신비감 가득한 솔로무대' ]]>
			</title>
			<link>
				https://news.chosun.com/site/data/html_dir/2020/03/16/2020031602475.html
			</link>
			<description>
<![CDATA[
<table border=0 cellspacing=3 cellpadding=0 width=100%><tr><td><img src="https://image.chosun.com/sitedata/thumbnail/202003/16/2020031602467_0_thumb.jpg" border=0></td></tr></table> 가수 홍은기가 16일 압구정동 일지아트홀에서 열린 첫 번째 미니 앨범 'UNDEFINABLE:LOVE' 쇼케이스에서 열창하고 있다.'UNDEFINABLE:LOVE'는 시각적으로 보이지 않지만 한정되지 않고 정의 내릴 수 없는 영역인 사랑을 홍은기만의 해석과 표현으로 담았다. 압구정=최문영 기자 deer@sportschosun.com /2020.03.16/<!-- DNS --> ▲ 800만원대 풀옵션 '브람스 안마의자' 100만원'대 30대 한정! ▲ “요즘 결혼 생활 힘들어..” ‘사생활 유출’ 주진모 아내, 근황 고백 ▲ “살려...
]]>
			</description>
			<dc:date>2020-03-16T14:57:52+09:00</dc:date>
			<author>
<![CDATA[ 스포츠조선=최문영 기자( deer@sportschosun.com ) ]]>
			</author>
			<category>
<![CDATA[ 연예 포토 ]]>
			</category>
			<pubDate>Mon, 16 Mar 2020 14:57:52 +0900</pubDate>
		</item>
		<item>
			<title>
<![CDATA[ [포토] 홍은기 '눈빛에도 섹시 담았다' ]]>
			</title>
			<link>
				https://news.chosun.com/site/data/html_dir/2020/03/16/2020031602480.html
			</link>
			<description>
<![CDATA[
<table border=0 cellspacing=3 cellpadding=0 width=100%><tr><td><img src="https://image.chosun.com/sitedata/thumbnail/202003/16/2020031602472_0_thumb.jpg" border=0></td></tr></table> 가수 홍은기가 16일 압구정동 일지아트홀에서 열린 첫 번째 미니 앨범 'UNDEFINABLE:LOVE' 쇼케이스에서 열창하고 있다.'UNDEFINABLE:LOVE'는 시각적으로 보이지 않지만 한정되지 않고 정의 내릴 수 없는 영역인 사랑을 홍은기만의 해석과 표현으로 담았다. 압구정=최문영 기자 deer@sportschosun.com /2020.03.16/<!-- DNS --> ▲ 800만원대 풀옵션 '브람스 안마의자' 100만원'대 30대 한정! ▲ “요즘 결혼 생활 힘들어..” ‘사생활 유출’ 주진모 아내, 근황 고백 ▲ “살려...
]]>
			</description>
			<dc:date>2020-03-16T14:57:36+09:00</dc:date>
			<author>
<![CDATA[ 스포츠조선=최문영 기자( deer@sportschosun.com ) ]]>
			</author>
			<category>
<![CDATA[ 연예 포토 ]]>
			</category>
			<pubDate>Mon, 16 Mar 2020 14:57:36 +0900</pubDate>
		</item>
		<item>
			<title>
<![CDATA[ '반의반' 이하나 "오랜만에 로맨스물, 친정온 것 같은 느낌" ]]>
			</title>
			<link>
				https://news.chosun.com/site/data/html_dir/2020/03/16/2020031602456.html
			</link>
			<description>
<![CDATA[
<table border=0 cellspacing=3 cellpadding=0 width=100%><tr><td><img src="https://image.chosun.com/sitedata/thumbnail/202003/16/2020031602448_0_thumb.jpg" border=0></td></tr></table> [스포츠조선 고재완 기자] "오랜만에 로맨스물, 친정 온것 같은 느낌"배우 이하나가 16일 온라인 중계한 tvN 새 월화극 '반의반' 제작발표회에 참석해 이같이 말했다.이하나는 "섭외를 받고 대본을 읽고 2시간만에 '꼭 하고싶다'고 말했다"고 털어놨다. 이어 그는 "실제로도 짝사랑을 많이 했다. 기다림이나 기대감이 주는 에너지들을 즐기는 편이었다"라고 말한 후 "2006년 '연애시대'라는 로맨스 드라마로 데뷔했다. 오랜만에 다시 해서 친정집에 온것 같이 따뜻한 느낌이다"라고 전했다. '방법' 후속으로 오는 23일 첫 방송하는 '반의...
]]>
			</description>
			<dc:date>2020-03-16T14:57:32+09:00</dc:date>
			<author>
<![CDATA[ 스포츠조선=고재완 기자( star77@sportschosun.com ) ]]>
			</author>
			<category>
<![CDATA[ 연예 포토 ]]>
			</category>
			<pubDate>Mon, 16 Mar 2020 14:57:32 +0900</pubDate>
		</item>
		<item>
			<title>
<![CDATA[ [포토] 홍은기 '몽환적인 솔로무대' ]]>
			</title>
			<link>
				https://news.chosun.com/site/data/html_dir/2020/03/16/2020031602451.html
			</link>
			<description>
<![CDATA[
<table border=0 cellspacing=3 cellpadding=0 width=100%><tr><td><img src="https://image.chosun.com/sitedata/thumbnail/202003/16/2020031602443_0_thumb.jpg" border=0></td></tr></table> 가수 홍은기가 16일 압구정동 일지아트홀에서 열린 첫 번째 미니 앨범 'UNDEFINABLE:LOVE' 쇼케이스에서 열창하고 있다.'UNDEFINABLE:LOVE'는 시각적으로 보이지 않지만 한정되지 않고 정의 내릴 수 없는 영역인 사랑을 홍은기만의 해석과 표현으로 담았다. 압구정=최문영 기자 deer@sportschosun.com /2020.03.16/<!-- DNS --> ▲ 800만원대 풀옵션 '브람스 안마의자' 100만원'대 30대 한정! ▲ “요즘 결혼 생활 힘들어..” ‘사생활 유출’ 주진모 아내, 근황 고백 ▲ “살려...
]]>
			</description>
			<dc:date>2020-03-16T14:57:18+09:00</dc:date>
			<author>
<![CDATA[ 스포츠조선=최문영 기자( deer@sportschosun.com ) ]]>
			</author>
			<category>
<![CDATA[ 연예 포토 ]]>
			</category>
			<pubDate>Mon, 16 Mar 2020 14:57:18 +0900</pubDate>
		</item>
		<item>
			<title>
<![CDATA[ 홍석천, 코로나19 탓 이태원 가게 휴업 "월세 935만원, 눈물 난다" ]]>
			</title>
			<link>
				https://news.chosun.com/site/data/html_dir/2020/03/16/2020031602459.html
			</link>
			<description>
<![CDATA[
<table border=0 cellspacing=3 cellpadding=0 width=100%><tr><td><img src="https://image.chosun.com/sitedata/thumbnail/202003/16/2020031602451_0_thumb.jpg" border=0></td></tr></table> [스포츠조선닷컴 정유나 기자] 방송인 홍석천이 코로나19 확산 여파로 운영 중인 식당을 휴업한다고 밝혔다. 홍석천은 16일 자신의 인스타그램에 "이태원에 있는 마이첼시. 오픈한 지 12년쯤 됐는데 단 하루도 쉬지 않고 영업하던 가게"라며 "코로나19 때문에 지난주부터 잠시 휴업하고 있다. 눈물이 난다. 월세는 935만원 정도다"는 소식을 전하며 휴업 중인 자신의 가게 사진을 게재했다.홍석천은 이어 "이왕 문닫고 쉬는데 번뜩 생각이 든다. 혹시 이 공간을 이용하고픈 열정 넘치고 컨텐츠 좋은 분들 연락 달라. 함께 재밌게 할 수 있을 ...
]]>
			</description>
			<dc:date>2020-03-16T14:57:06+09:00</dc:date>
			<author>
<![CDATA[ 스포츠조선=정유나 기자( ) ]]>
			</author>
			<category>
<![CDATA[ 연예 포토 ]]>
			</category>
			<pubDate>Mon, 16 Mar 2020 14:57:06 +0900</pubDate>
		</item>
		<item>
			<title>
<![CDATA[ [포토] 홍은기 '압도적인 퍼포먼스' ]]>
			</title>
			<link>
				https://news.chosun.com/site/data/html_dir/2020/03/16/2020031602445.html
			</link>
			<description>
<![CDATA[
<table border=0 cellspacing=3 cellpadding=0 width=100%><tr><td><img src="https://image.chosun.com/sitedata/thumbnail/202003/16/2020031602437_0_thumb.jpg" border=0></td></tr></table> 가수 홍은기가 16일 압구정동 일지아트홀에서 열린 첫 번째 미니 앨범 'UNDEFINABLE:LOVE' 쇼케이스에서 열창하고 있다.'UNDEFINABLE:LOVE'는 시각적으로 보이지 않지만 한정되지 않고 정의 내릴 수 없는 영역인 사랑을 홍은기만의 해석과 표현으로 담았다. 압구정=최문영 기자 deer@sportschosun.com /2020.03.16/<!-- DNS --> ▲ 800만원대 풀옵션 '브람스 안마의자' 100만원'대 30대 한정! ▲ “요즘 결혼 생활 힘들어..” ‘사생활 유출’ 주진모 아내, 근황 고백 ▲ “살려...
]]>
			</description>
			<dc:date>2020-03-16T14:57:00+09:00</dc:date>
			<author>
<![CDATA[ 스포츠조선=최문영 기자( deer@sportschosun.com ) ]]>
			</author>
			<category>
<![CDATA[ 연예 포토 ]]>
			</category>
			<pubDate>Mon, 16 Mar 2020 14:57:00 +0900</pubDate>
		</item>
		<item>
			<title>
<![CDATA[ [포토] 홍은기 '섹시미 넘치는 퍼포먼스' ]]>
			</title>
			<link>
				https://news.chosun.com/site/data/html_dir/2020/03/16/2020031602441.html
			</link>
			<description>
<![CDATA[
<table border=0 cellspacing=3 cellpadding=0 width=100%><tr><td><img src="https://image.chosun.com/sitedata/thumbnail/202003/16/2020031602433_0_thumb.jpg" border=0></td></tr></table> 가수 홍은기가 16일 압구정동 일지아트홀에서 열린 첫 번째 미니 앨범 'UNDEFINABLE:LOVE' 쇼케이스에서 열창하고 있다.'UNDEFINABLE:LOVE'는 시각적으로 보이지 않지만 한정되지 않고 정의 내릴 수 없는 영역인 사랑을 홍은기만의 해석과 표현으로 담았다. 압구정=최문영 기자 deer@sportschosun.com /2020.03.16/<!-- DNS --> ▲ 800만원대 풀옵션 '브람스 안마의자' 100만원'대 30대 한정! ▲ “요즘 결혼 생활 힘들어..” ‘사생활 유출’ 주진모 아내, 근황 고백 ▲ “살려...
]]>
			</description>
			<dc:date>2020-03-16T14:56:37+09:00</dc:date>
			<author>
<![CDATA[ 스포츠조선=최문영 기자( deer@sportschosun.com ) ]]>
			</author>
			<category>
<![CDATA[ 연예 포토 ]]>
			</category>
			<pubDate>Mon, 16 Mar 2020 14:56:37 +0900</pubDate>
		</item>
		<item>
			<title>
<![CDATA[ [포토] 홍은기 '물오른 남성미' ]]>
			</title>
			<link>
				https://news.chosun.com/site/data/html_dir/2020/03/16/2020031602471.html
			</link>
			<description>
<![CDATA[
<table border=0 cellspacing=3 cellpadding=0 width=100%><tr><td><img src="https://image.chosun.com/sitedata/thumbnail/202003/16/2020031602463_0_thumb.jpg" border=0></td></tr></table> 가수 홍은기가 16일 압구정동 일지아트홀에서 열린 첫 번째 미니 앨범 'UNDEFINABLE:LOVE' 쇼케이스에서 열창하고 있다.'UNDEFINABLE:LOVE'는 시각적으로 보이지 않지만 한정되지 않고 정의 내릴 수 없는 영역인 사랑을 홍은기만의 해석과 표현으로 담았다. 압구정=최문영 기자 deer@sportschosun.com /2020.03.16/<!-- DNS --> ▲ 800만원대 풀옵션 '브람스 안마의자' 100만원'대 30대 한정! ▲ “요즘 결혼 생활 힘들어..” ‘사생활 유출’ 주진모 아내, 근황 고백 ▲ “살려...
]]>
			</description>
			<dc:date>2020-03-16T14:55:55+09:00</dc:date>
			<author>
<![CDATA[ 스포츠조선=최문영 기자( deer@sportschosun.com ) ]]>
			</author>
			<category>
<![CDATA[ 연예 포토 ]]>
			</category>
			<pubDate>Mon, 16 Mar 2020 14:55:55 +0900</pubDate>
		</item>
		<item>
			<title>
<![CDATA[ [포토] 홍은기 '군살 없는 옆태' ]]>
			</title>
			<link>
				https://news.chosun.com/site/data/html_dir/2020/03/16/2020031602482.html
			</link>
			<description>
<![CDATA[
<table border=0 cellspacing=3 cellpadding=0 width=100%><tr><td><img src="https://image.chosun.com/sitedata/thumbnail/202003/16/2020031602474_0_thumb.jpg" border=0></td></tr></table> 가수 홍은기가 16일 압구정동 일지아트홀에서 열린 첫 번째 미니 앨범 'UNDEFINABLE:LOVE' 쇼케이스에서 열창하고 있다.'UNDEFINABLE:LOVE'는 시각적으로 보이지 않지만 한정되지 않고 정의 내릴 수 없는 영역인 사랑을 홍은기만의 해석과 표현으로 담았다. 압구정=최문영 기자 deer@sportschosun.com /2020.03.16/<!-- DNS --> ▲ 800만원대 풀옵션 '브람스 안마의자' 100만원'대 30대 한정! ▲ “요즘 결혼 생활 힘들어..” ‘사생활 유출’ 주진모 아내, 근황 고백 ▲ “살려...
]]>
			</description>
			<dc:date>2020-03-16T14:55:37+09:00</dc:date>
			<author>
<![CDATA[ 스포츠조선=최문영 기자( deer@sportschosun.com ) ]]>
			</author>
			<category>
<![CDATA[ 연예 포토 ]]>
			</category>
			<pubDate>Mon, 16 Mar 2020 14:55:37 +0900</pubDate>
		</item>
		<item>
			<title>
<![CDATA[ [사진]홍은기,'이번엔 섹시' ]]>
			</title>
			<link>
				https://news.chosun.com/site/data/html_dir/2020/03/16/2020031602411.html
			</link>
			<description>
<![CDATA[
<table border=0 cellspacing=3 cellpadding=0 width=100%><tr><td><img src="https://image.chosun.com/sitedata/thumbnail/202003/16/2020031602403_0_thumb.jpg" border=0></td></tr></table> [OSEN=조은정 기자] 16일 오후 서울 강남구 일지아트홀에서 가수 홍은기의 첫 번째 미니 앨범 &lsquo;UNDEFINABLE:LOVE&rsquo; 발매 기념 쇼케이스가 열렸다.&lsquo;UNDEFINABLE:LOVE&rsquo;는 시각적으로 보이지 않지만 한정되지 않고 정의 내릴 수 없는 영역인 사랑을 홍은기만의 해석과 표현으로 담았다. 타이틀곡인 &lsquo;숨&rsquo;을 비롯해 몽환적인 사운드의 &lsquo;LOST IN YOU&lsquo;, R&amp;B 댄스곡 &rsquo;PARAN...
]]>
			</description>
			<dc:date>2020-03-16T14:54:00+09:00</dc:date>
			<author>
<![CDATA[ OSEN( ) ]]>
			</author>
			<category>
<![CDATA[ 연예 포토 ]]>
			</category>
			<pubDate>Mon, 16 Mar 2020 14:54:00 +0900</pubDate>
		</item>
		<item>
			<title>
<![CDATA[ [사진]홍은기,'허리라인 공개' ]]>
			</title>
			<link>
				https://news.chosun.com/site/data/html_dir/2020/03/16/2020031602463.html
			</link>
			<description>
<![CDATA[
<table border=0 cellspacing=3 cellpadding=0 width=100%><tr><td><img src="https://image.chosun.com/sitedata/thumbnail/202003/16/2020031602455_0_thumb.jpg" border=0></td></tr></table> [OSEN=조은정 기자] 16일 오후 서울 강남구 일지아트홀에서 가수 홍은기의 첫 번째 미니 앨범 &lsquo;UNDEFINABLE:LOVE&rsquo; 발매 기념 쇼케이스가 열렸다.&lsquo;UNDEFINABLE:LOVE&rsquo;는 시각적으로 보이지 않지만 한정되지 않고 정의 내릴 수 없는 영역인 사랑을 홍은기만의 해석과 표현으로 담았다. 타이틀곡인 &lsquo;숨&rsquo;을 비롯해 몽환적인 사운드의 &lsquo;LOST IN YOU&lsquo;, R&amp;B 댄스곡 &rsquo;PARAN...
]]>
			</description>
			<dc:date>2020-03-16T14:53:00+09:00</dc:date>
			<author>
<![CDATA[ OSEN( ) ]]>
			</author>
			<category>
<![CDATA[ 연예 포토 ]]>
			</category>
			<pubDate>Mon, 16 Mar 2020 14:53:00 +0900</pubDate>
		</item>
		<item>
			<title>
<![CDATA[ [사진]'숨'으로 돌아온 홍은기 ]]>
			</title>
			<link>
				https://news.chosun.com/site/data/html_dir/2020/03/16/2020031602460.html
			</link>
			<description>
<![CDATA[
<table border=0 cellspacing=3 cellpadding=0 width=100%><tr><td><img src="https://image.chosun.com/sitedata/thumbnail/202003/16/2020031602452_0_thumb.jpg" border=0></td></tr></table> [OSEN=조은정 기자] 16일 오후 서울 강남구 일지아트홀에서 가수 홍은기의 첫 번째 미니 앨범 &lsquo;UNDEFINABLE:LOVE&rsquo; 발매 기념 쇼케이스가 열렸다.&lsquo;UNDEFINABLE:LOVE&rsquo;는 시각적으로 보이지 않지만 한정되지 않고 정의 내릴 수 없는 영역인 사랑을 홍은기만의 해석과 표현으로 담았다. 타이틀곡인 &lsquo;숨&rsquo;을 비롯해 몽환적인 사운드의 &lsquo;LOST IN YOU&lsquo;, R&amp;B 댄스곡 &rsquo;PARAN...
]]>
			</description>
			<dc:date>2020-03-16T14:52:00+09:00</dc:date>
			<author>
<![CDATA[ OSEN( ) ]]>
			</author>
			<category>
<![CDATA[ 연예 포토 ]]>
			</category>
			<pubDate>Mon, 16 Mar 2020 14:52:00 +0900</pubDate>
		</item>
		<item>
			<title>
<![CDATA[
레이디 가가, 코로나19 예방 위해 모임 금지 당부 "부모님 보고싶지만.." [Oh!llywood]
]]>
			</title>
			<link>
				https://news.chosun.com/site/data/html_dir/2020/03/16/2020031602455.html
			</link>
			<description>
<![CDATA[
<table border=0 cellspacing=3 cellpadding=0 width=100%><tr><td><img src="https://image.chosun.com/sitedata/thumbnail/202003/16/2020031602447_1_thumb.jpg" border=0></td></tr></table> [OSEN=지민경 기자] 팝스타 레이디 가가가 코로나19 예방을 위해 사람들과 많이 만나지 말 것을 당부했다.레이디 가가는 지난 15일 자신의 인스타그램에 "여러 의사들과 과학자들과 이야기를 나눴다. 지금 모두가 힘든 시간을 겪고 있지만 건강을 위해 우리가 할 수 있는 가장 좋은 것은 자가 격리와 65세 이상인 사람들을 만나지 않고, 많은 수의 사람들이 모이지 않는 것"이라는 장문의 글을 게재했다.그는 "나 역시도 지금 부모님과 할머니를 보고 싶지만, 혹시라도 그들을 아프게 ...
]]>
			</description>
			<dc:date>2020-03-16T14:49:00+09:00</dc:date>
			<author>
<![CDATA[ OSEN( ) ]]>
			</author>
			<category>
<![CDATA[ 연예 포토 ]]>
			</category>
			<pubDate>Mon, 16 Mar 2020 14:49:00 +0900</pubDate>
		</item>
		<item>
			<title>
<![CDATA[ [사진]홍은기,'매력에 숨이 막혀' ]]>
			</title>
			<link>
				https://news.chosun.com/site/data/html_dir/2020/03/16/2020031602435.html
			</link>
			<description>
<![CDATA[
<table border=0 cellspacing=3 cellpadding=0 width=100%><tr><td><img src="https://image.chosun.com/sitedata/thumbnail/202003/16/2020031602427_0_thumb.jpg" border=0></td></tr></table> [OSEN=조은정 기자] 16일 오후 서울 강남구 일지아트홀에서 가수 홍은기의 첫 번째 미니 앨범 &lsquo;UNDEFINABLE:LOVE&rsquo; 발매 기념 쇼케이스가 열렸다.&lsquo;UNDEFINABLE:LOVE&rsquo;는 시각적으로 보이지 않지만 한정되지 않고 정의 내릴 수 없는 영역인 사랑을 홍은기만의 해석과 표현으로 담았다. 타이틀곡인 &lsquo;숨&rsquo;을 비롯해 몽환적인 사운드의 &lsquo;LOST IN YOU&lsquo;, R&amp;B 댄스곡 &rsquo;PARAN...
]]>
			</description>
			<dc:date>2020-03-16T14:49:00+09:00</dc:date>
			<author>
<![CDATA[ OSEN( ) ]]>
			</author>
			<category>
<![CDATA[ 연예 포토 ]]>
			</category>
			<pubDate>Mon, 16 Mar 2020 14:49:00 +0900</pubDate>
		</item>
		<item>
			<title>
<![CDATA[
'미스터트롯' 김수찬 "트로트 붐에 끼고 싶어 출연, '최대 수혜자' 반응 감사" [인터뷰③]
]]>
			</title>
			<link>
				https://news.chosun.com/site/data/html_dir/2020/03/16/2020031602421.html
			</link>
			<description>
<![CDATA[
<table border=0 cellspacing=3 cellpadding=0 width=100%><tr><td><img src="https://image.chosun.com/sitedata/thumbnail/202003/16/2020031602413_0_thumb.jpg" border=0></td></tr></table> [OSEN=심언경 기자] (인터뷰②에 이어) 김수찬이 고심 끝에 출연한 '미스터트롯'에서 많은 사랑을 얻게 돼서 감사하다고 전했다.김수찬은 16일 OSEN과 인터뷰에서 "요즘 많이 찾아주셔서 미팅도 하고 스케줄을 조정하면서 지내고 있다. 경연의 부담감에서 벗어났다. 한결 편한 마음으로 다시 일상으로 돌아갔다"고 밝혔다.지난 2012년 5월 '오디션'을 통해 트로트 가수로 데뷔한 김수찬은 지난해 1월까지 '간다 간다' '딱 보면 알아요' '대구 아가씨' '평행선' '사랑의 해결사' 등을...
]]>
			</description>
			<dc:date>2020-03-16T14:48:00+09:00</dc:date>
			<author>
<![CDATA[ OSEN( ) ]]>
			</author>
			<category>
<![CDATA[ 연예 포토 ]]>
			</category>
			<pubDate>Mon, 16 Mar 2020 14:48:00 +0900</pubDate>
		</item>
		<item>
			<title>
<![CDATA[ [사진]홍은기,'쇄골 미남' ]]>
			</title>
			<link>
				https://news.chosun.com/site/data/html_dir/2020/03/16/2020031602419.html
			</link>
			<description>
<![CDATA[
<table border=0 cellspacing=3 cellpadding=0 width=100%><tr><td><img src="https://image.chosun.com/sitedata/thumbnail/202003/16/2020031602411_0_thumb.jpg" border=0></td></tr></table> [OSEN=조은정 기자] 16일 오후 서울 강남구 일지아트홀에서 가수 홍은기의 첫 번째 미니 앨범 &lsquo;UNDEFINABLE:LOVE&rsquo; 발매 기념 쇼케이스가 열렸다.&lsquo;UNDEFINABLE:LOVE&rsquo;는 시각적으로 보이지 않지만 한정되지 않고 정의 내릴 수 없는 영역인 사랑을 홍은기만의 해석과 표현으로 담았다. 타이틀곡인 &lsquo;숨&rsquo;을 비롯해 몽환적인 사운드의 &lsquo;LOST IN YOU&lsquo;, R&amp;B 댄스곡 &rsquo;PARAN...
]]>
			</description>
			<dc:date>2020-03-16T14:48:00+09:00</dc:date>
			<author>
<![CDATA[ OSEN( ) ]]>
			</author>
			<category>
<![CDATA[ 연예 포토 ]]>
			</category>
			<pubDate>Mon, 16 Mar 2020 14:48:00 +0900</pubDate>
		</item>
		<item>
			<title>
<![CDATA[ [사진]홍은기,'살짝 미소만 지어도' ]]>
			</title>
			<link>
				https://news.chosun.com/site/data/html_dir/2020/03/16/2020031602431.html
			</link>
			<description>
<![CDATA[
<table border=0 cellspacing=3 cellpadding=0 width=100%><tr><td><img src="https://image.chosun.com/sitedata/thumbnail/202003/16/2020031602423_0_thumb.jpg" border=0></td></tr></table> [OSEN=조은정 기자] 16일 오후 서울 강남구 일지아트홀에서 가수 홍은기의 첫 번째 미니 앨범 &lsquo;UNDEFINABLE:LOVE&rsquo; 발매 기념 쇼케이스가 열렸다.&lsquo;UNDEFINABLE:LOVE&rsquo;는 시각적으로 보이지 않지만 한정되지 않고 정의 내릴 수 없는 영역인 사랑을 홍은기만의 해석과 표현으로 담았다. 타이틀곡인 &lsquo;숨&rsquo;을 비롯해 몽환적인 사운드의 &lsquo;LOST IN YOU&lsquo;, R&amp;B 댄스곡 &rsquo;PARAN...
]]>
			</description>
			<dc:date>2020-03-16T14:47:00+09:00</dc:date>
			<author>
<![CDATA[ OSEN( ) ]]>
			</author>
			<category>
<![CDATA[ 연예 포토 ]]>
			</category>
			<pubDate>Mon, 16 Mar 2020 14:47:00 +0900</pubDate>
		</item>
	</channel>
</rss>