<rss version="2.0">
	<channel>
		<title>Naver Open API - book ::'자바스크립트'</title>
		<link>https://search.naver.com</link>
		<description>Naver Search Result</description>
		<lastBuildDate>Thu, 10 Oct 2019 12:08:17 +0900</lastBuildDate>
		<total>1909</total>
		<start>1</start>
		<display>10</display>
		<item>
			<title>
				생활코딩! HTML+CSS+
				<b>자바스크립트</b>
			</title>
			<link>http://book.naver.com/bookdb/book_detail.php?bid=14427514</link>
			<image>https://bookthumb-phinf.pstatic.net/cover/144/275/14427514.jpg?type=m1&amp;udate=20190420</image>
			<author>이고잉</author>
			<price>27000</price>
			<discount>24300</discount>
			<publisher>위키북스</publisher>
			<pubdate>20190115</pubdate>
			<isbn>1158391331 9791158391331</isbn>
			<description>
				이고잉 님의 HTML/CSS/
				<b>자바스크립트</b>
				강의는 이미 많은 분들에 의해 검증받은 독창적인 강의로 손꼽히고 있습니다. 단순히 HTML/CSS/
				<b>자바스크립트</b>
				기술을 알려주는 데서 그치는 것이 아니라 무엇을 모르는지 모르는 상태에서조차 무언가를 배울 수 있는 학습 방법까지도 습득할
				수 있습니다. 초심자를...
			</description>
		</item>
		<item>
			<title>
				Do it!
				<b>자바스크립트</b>
				+ 제이쿼리 입문 (155개 예제로 기본 잡고, 반응형 웹부터 실무 활용 플러그인까지!)
			</title>
			<link>
				http://book.naver.com/bookdb/book_detail.php?bid=13457579
			</link>
			<image>
				https://bookthumb-phinf.pstatic.net/cover/134/575/13457579.jpg?type=m1&amp;udate=20180518
			</image>
			<author>정인용</author>
			<price>20000</price>
			<discount>18000</discount>
			<publisher>이지스퍼블리싱</publisher>
			<pubdate>20180406</pubdate>
			<isbn>1163030031 9791163030034</isbn>
			<description>
				<b>자바스크립트</b>
				, 제이쿼리의 기본부터 실전에 필요한 핵심까지 모두 담았다!‘두잇 시리즈 최고 작품’이라 평가받은 책! 전면 개정판으로
				더욱 알차게 만들었습니다! 이제는 웹 개발자뿐만 아니라 웹 퍼블리셔와 디자이너에게도 코딩 능력이 필요한 시대!
				<b>자바스크립트</b>
				를 1도 모르겠다면? 프런트엔드 실무...
			</description>
		</item>
		<item>
			<title>
				러닝
				<b>자바스크립트</b>
				(ES6로 제대로 입문하는 모던
				<b>자바스크립트</b>
				웹 개발)
			</title>
			<link>
				http://book.naver.com/bookdb/book_detail.php?bid=12181869
			</link>
			<image>
				https://bookthumb-phinf.pstatic.net/cover/121/818/12181869.jpg?type=m1&amp;udate=20190216
			</image>
			<author>이선 브라운</author>
			<price>28000</price>
			<discount>25200</discount>
			<publisher>한빛미디어</publisher>
			<pubdate>20170701</pubdate>
			<isbn>8968483388 9788968483387</isbn>
			<description>
				ES6로 익히는 고품질
				<b>자바스크립트</b>
				입문에서 서버 개발까지이 책은 ES6를 포함하여 최신
				<b>자바스크립트</b>
				개발을 주도하는 언어 특징과 기술, 관련 도구, 패러다임을 포괄적으로 다룬다. 변수나 제어 흐름, 함수와 같은 단순하고
				직관적인 주제뿐만 아니라, 비동기 프로그래밍이나 정규표현식 같은 복잡하고...
			</description>
		</item>
		<item>
			<title>
				Do it! 웹 프로그래밍을 위한
				<b>자바스크립트</b>
				기본 편
			</title>
			<link>
				http://book.naver.com/bookdb/book_detail.php?bid=14650274
			</link>
			<image>
				https://bookthumb-phinf.pstatic.net/cover/146/502/14650274.jpg?type=m1&amp;udate=20190619
			</image>
			<author>고경희</author>
			<price>18800</price>
			<discount>16920</discount>
			<publisher>이지스퍼블리싱</publisher>
			<pubdate>20190326</pubdate>
			<isbn>1163030643 9791163030645</isbn>
			<description>
				웹 프로그래밍을 위한
				<b>자바스크립트</b>
				기본 편》은
				<b>자바스크립트</b>
				를 통해 웹 프로그래밍에 입문하는 사람들이 가장 먼저 배워야 할 기본 문법을 웹 분야 베스트셀러 저자인 고경희 선생이 모아
				엮은 책이다. 137개 예제를 통해 직접 프로그램을 만들면서 기본 문법을 흥미롭게 배운 뒤 ‘1분 복습’, ‘마무리...
			</description>
		</item>
		<item>
			<title>
				모던
				<b>자바스크립트</b>
				입문 (프런트엔드부터 백엔드까지, 핵심은
				<b>자바스크립트</b>
				다!)
			</title>
			<link>
				http://book.naver.com/bookdb/book_detail.php?bid=13447219
			</link>
			<image>
				https://bookthumb-phinf.pstatic.net/cover/134/472/13447219.jpg?type=m1&amp;udate=20180608
			</image>
			<author>이소 히로시</author>
			<price>32000</price>
			<discount>28800</discount>
			<publisher>길벗</publisher>
			<pubdate>20180330</pubdate>
			<isbn>1160504431 9791160504439</isbn>
			<description>
				ES6로 배우는 모던
				<b>자바스크립트</b>
				입문
				<b>자바스크립트</b>
				는 HTML, CSS와는 달리 변수, 함수처럼 프로그래밍 기초 개념부터 짚어가며 익혀야 한다. 기초 문법부터 ES6, 정규
				표현식, 객체 지향 및 함수형 프로그래밍, HTTP, MVC, API 활용까지 다룬다. 또한, 기초 예제 외에도
				Canvas를 활용한 망델브로 집합 그리기...
			</description>
		</item>
		<item>
			<title>
				코어
				<b>자바스크립트</b>
				(핵심 개념과 동작 원리로 이해하는
				<b>자바스크립트</b>
				프로그래밍)
			</title>
			<link>
				http://book.naver.com/bookdb/book_detail.php?bid=15433261
			</link>
			<image>
				https://bookthumb-phinf.pstatic.net/cover/154/332/15433261.jpg?type=m1&amp;udate=20190910
			</image>
			<author>정재남</author>
			<price>22000</price>
			<discount>19800</discount>
			<publisher>위키북스</publisher>
			<pubdate>20190910</pubdate>
			<isbn>1158391722 9791158391720</isbn>
			<description>
				<b>자바스크립트</b>
				의 근간을 이루는 핵심 이론들을 정확하게 이해하는 것을 목표로 합니다!최근 웹 개발 진영은 빠르게 발전하고 있으며, 그
				중심에는
				<b>자바스크립트</b>
				가 있다고 해도 결코 과언이 아닙니다. ECMASCRIPT2015 시대인 현재에 이르러서도 ES5에서 통용되던
				<b>자바스크립트</b>
				의 핵심 이론은 여전히 유효하며...
			</description>
		</item>
		<item>
			<title>
				<b>자바스크립트</b>
				로 하는 자료 구조와 알고리즘 (핵심 자료 구조 및 알고리즘을 이해하고 구현하기 위한 입문서)
			</title>
			<link>
				http://book.naver.com/bookdb/book_detail.php?bid=15370256
			</link>
			<image>
				https://bookthumb-phinf.pstatic.net/cover/153/702/15370256.jpg?type=m1&amp;udate=20190903
			</image>
			<author>배세민</author>
			<price>30000</price>
			<discount>27000</discount>
			<publisher>에이콘출판</publisher>
			<pubdate>20190830</pubdate>
			<isbn>1161753443 9791161753447</isbn>
			<description>
				자료 구조와 알고리즘의 개념을 이해하고 이를
				<b>자바스크립트</b>
				로 구현하기 위한 책이다.
				<b>자바스크립트</b>
				프로그래머라면 제대로 된 애플리케이션을 만들기 위해 알아야 할 핵심 자료 구조와 알고리즘을 다룬다. 해시 테이블, 연결
				리스트, 큐, 트리, 그래프 등의 핵심 자료 구조와 검색, 정렬, 재귀, 동적 프로그래밍...
			</description>
		</item>
		<item>
			<title>
				인사이드
				<b>자바스크립트</b>
				(핵심 개념과 원리를 정확하게 jQuery Node.js 클로저의 개념까지,Inside JavaScript)
			</title>
			<link>
				http://book.naver.com/bookdb/book_detail.php?bid=7400243
			</link>
			<image>
				https://bookthumb-phinf.pstatic.net/cover/074/002/07400243.jpg?type=m1&amp;udate=20190707
			</image>
			<author>송형주|고현준</author>
			<price>18000</price>
			<discount>16200</discount>
			<publisher>한빛미디어</publisher>
			<pubdate>20140102</pubdate>
			<isbn>8968480656 9788968480652</isbn>
			<description>
				이 책의 목적은
				<b>자바스크립트</b>
				의 핵심 원리, 언어적 특성을 정확하고 알기 쉽게 설명하는 것이다. 물론 이 책이
				<b>자바스크립트</b>
				의 모든 것을 다룬 바이블은 아니다. 그러나
				<b>자바스크립트</b>
				를 제대로 공부하고자 하는 개발자에게 여러
				<b>자바스크립트</b>
				응용 기술들을 소화할 수 있는 기초 체력을 기를 수 있게 도와주는...
			</description>
		</item>
		<item>
			<title>
				<b>자바스크립트</b>
				+jQuery 완전정복 스터디 2 (jQuery편)
			</title>
			<link>
				http://book.naver.com/bookdb/book_detail.php?bid=9650875
			</link>
			<image>
				https://bookthumb-phinf.pstatic.net/cover/096/508/09650875.jpg?type=m1&amp;udate=20190709
			</image>
			<author>김춘경</author>
			<price>24000</price>
			<discount>21600</discount>
			<publisher>위키북스</publisher>
			<pubdate>20151016</pubdate>
			<isbn>1158390130 9791158390136</isbn>
			<description>
				『
				<b>자바스크립트</b>
				+JQUERY 완전정복 스터디. 2: JQUERY편』에서는 웹프로그래밍 초보자와 개발 실무자라면 반드시 알아야 할
				JQUERY 기초 문법과 노드, 스타일, 속성, 이벤트, 효과 등 핵심 내용을 다룬다.
			</description>
		</item>
		<item>
			<title>
				<b>자바스크립트</b>
				+jQuery 완전정복 스터디 1 (기초편)
			</title>
			<link>
				http://book.naver.com/bookdb/book_detail.php?bid=9650891
			</link>
			<image>
				https://bookthumb-phinf.pstatic.net/cover/096/508/09650891.jpg?type=m1&amp;udate=20190709
			</image>
			<author>김춘경</author>
			<price>27000</price>
			<discount>24300</discount>
			<publisher>위키북스</publisher>
			<pubdate>20151016</pubdate>
			<isbn>1158390122 9791158390129</isbn>
			<description>
				이제 막 시작하는 초급자를 위한 초급 단계와 일반 실무자의 실력 향상을 위한 중급/고급/실무 단계로 구성돼 있으며 개인의
				실력과 목적에 맞게 선택해서 스터디를 진행할 수 있도록 구성된 『
				<b>자바스크립트</b>
				+JQUERY 완전정복 스터디』 제1권 기초편. 처음 웹프로그래밍 입문자라면 반드시 알아야 할...
			</description>
		</item>
	</channel>
</rss>