<?xml version="1.0" encoding="UTF-8"?>
<!DOCTYPE mapper PUBLIC "-//mybatis.org//DTD Mapper 3.0//EN" "http://mybatis.org/dtd/mybatis-3-mapper.dtd">
<mapper 
namespace="com.itwill.guest.mapper.GuestMapper">
	<select id="selectAll" resultType="com.itwill.guest.Guest">
		SELECT * FROM GUEST ORDER BY GUEST_NO DESC
	</select>
	<select id="selectByNo" 
			parameterType="java.lang.Integer" 
			resultType="com.itwill.guest.Guest">
		SELECT * FROM GUEST
		WHERE guest_no=#{guest_no}
	</select>
	<insert id="insertGuest" parameterType="com.itwill.guest.Guest">
		<selectKey resultType="java.lang.Integer"
			keyProperty="guest_no" order="BEFORE">
			SELECT guest_no_seq.nextval FROM DUAL
		</selectKey>
		insert into guest 
		values( #{guest_no},#{guest_name},
		 		sysdate,#{guest_email},
		 		#{guest_homepage},#{guest_title},
		 		#{guest_content})
	</insert>
	<delete id="deleteGuest" parameterType="java.lang.Integer">
		delete from guest where guest_no = #{guest_no}
	</delete>
	<update id="updateGuest" parameterType="com.itwill.guest.Guest">
		update guest set  guest_name=#{guest_name}, guest_email=#{guest_email},
		                  guest_homepage=#{guest_homepage}, guest_title=#{guest_title}, 
		                  guest_content=#{guest_content} 
		where guest_no = #{guest_no}
	</update>
	
</mapper>